USE QL_TTHT

----------------------------- PHANQUYEN -------------------------------------
INSERT INTO PHANQUYEN(TenQuyen,ChiTietQuyen) VALUES(N'Quyền Giáo Viên',N'chỉ có quyền quản lý lớp học mà mình dạy')
INSERT INTO PHANQUYEN(TenQuyen,ChiTietQuyen) VALUES(N'Quyền Nhân Viên',N'có tất cả các quyền')
---------------- .-PHANQUYEN ---------------------

--------- MUCTHANHTOAN -------------
INSERT INTO MUCTHANHTOAN VALUES(0)
INSERT INTO MUCTHANHTOAN VALUES(0.4)
INSERT INTO MUCTHANHTOAN VALUES(0.5)
INSERT INTO MUCTHANHTOAN VALUES(0.6)
---------- .-MUCTHANHTOAN ----------

----------- MUCUUDAI ----------
INSERT INTO MUCUUDAI VALUES(1)
INSERT INTO MUCUUDAI VALUES(0.9)
INSERT INTO MUCUUDAI VALUES(0.8)
INSERT INTO MUCUUDAI VALUES(0.7)
----------- .-MUCUUDAI --------

----------- MUCHOCPHI ------------
INSERT INTO MUCHOCPHI VALUES(50000)
INSERT INTO MUCHOCPHI VALUES(40000)
INSERT INTO MUCHOCPHI VALUES(30000)
----------- .-MUCHOCPHI ----------

------------ MONHOC ------------------
INSERT INTO MONHOC VALUES(N'Toán')
INSERT INTO MONHOC VALUES(N'Vật Lí')
INSERT INTO MONHOC VALUES(N'Hóa Học')
INSERT INTO MONHOC VALUES(N'Tiếng Anh')
INSERT INTO MONHOC VALUES(N'Ngữ Văn')
INSERT INTO MONHOC VALUES(N'Sinh Học')
----------- .-MONHOC -----------------

----------------------- TAIKHOAN -----------------------------
INSERT INTO TAIKHOAN VALUES('admin1','admin1',2)
INSERT INTO TAIKHOAN VALUES('admin2','admin2',2)
INSERT INTO TAIKHOAN VALUES('admin3','admin3',2)

INSERT INTO TAIKHOAN VALUES('minhngoc2109','minhngoc2109',1)
INSERT INTO TAIKHOAN VALUES('thanhhang2808','thanhhang2808',1)
INSERT INTO TAIKHOAN VALUES('thanhnam1011','thanhnam1011',1)
INSERT INTO TAIKHOAN VALUES('ducthang2110','ducthang2110',1)
INSERT INTO TAIKHOAN VALUES('thanhcong2511','thanhcong2511',1)
INSERT INTO TAIKHOAN VALUES('maianh0112','maianh0112',1)
INSERT INTO TAIKHOAN VALUES('nhattu1201','nhattu1201',1)
INSERT INTO TAIKHOAN VALUES('quanganh2202','quanganh2202',1)
INSERT INTO TAIKHOAN VALUES('xuantuan1703','xuantuan1703',1)
INSERT INTO TAIKHOAN VALUES('tuananh1605','tuananh1605',1)

INSERT INTO TAIKHOAN VALUES('huychi0509','huychi0509',1)
INSERT INTO TAIKHOAN VALUES('congba0610','congba0610',1)
INSERT INTO TAIKHOAN VALUES('ductrong2108','ductrong2108',1)
INSERT INTO TAIKHOAN VALUES('ducthuan0206','ducthuan0206',1)
INSERT INTO TAIKHOAN VALUES('kimnga0702','kimnga0702',1)
INSERT INTO TAIKHOAN VALUES('nhatlinh0702','nhatlinh0702',1)
INSERT INTO TAIKHOAN VALUES('tuanhung0701','tuanhung0701',1)
INSERT INTO TAIKHOAN VALUES('manhhung1602','manhhung1602',1)
INSERT INTO TAIKHOAN VALUES('thuydung0704','thuydung0704',1)

----------------------- .-TAIKHOAN -----------------------------

--------------------------------------------------------------------------- GIAOVIEN ------------------------------------------------------------------------------------------------------------------------------------------------------
INSERT INTO GIAOVIEN VALUES(N'Lê Minh Ngọc','0339654781','1994-09-21',N'Số 116, Đường Bùi Xương Trạch, Phường Khương Đình, Quận Thanh Xuân, Thành phố Hà Nội',N'Nữ',1,'minhngoc2109')
INSERT INTO GIAOVIEN VALUES(N'Bùi Thanh Hằng','0374654781','1995-08-28',N'Số nhà 79 ngõ 213 Đường Giáp Nhất, Phường Nhân Chính, Quận Thanh Xuân, Thành phố Hà Nội',N'Nữ',1,'thanhhang2808')
INSERT INTO GIAOVIEN VALUES(N'Nguyễn Thành Nam','0382654781','1996-11-10',N'Số 25, ngách 56, ngõ 79 Cầu Giấy, Phường Yên Hoà, Quận Cầu Giấy, Thành phố Hà Nội',N'Nam',1,'thanhnam1011')
INSERT INTO GIAOVIEN VALUES(N'Tạ Đức Thắng','0399654781','1997-10-21',N'Tầng 7, tòa nhà San Nam, số 78 Duy Tân, Phường Dịch Vọng Hậu, Quận Cầu Giấy, Thành phố Hà Nội',N'Nam',1,'ducthang2110')
INSERT INTO GIAOVIEN VALUES(N'Vũ Thành Công','0369521456','1998-11-25',N'Số 3 ngõ 115 Nguyễn Văn Trỗi, Phường Phương Liệt, Quận Thanh Xuân, Thành phố Hà Nội',N'Nam',1,'thanhcong2511')
INSERT INTO GIAOVIEN VALUES(N'Phạm Mai Anh','0988585568','1999-12-01',N'W1.3001,Vinhomes Westpoint, Lô HH, đường Phạm Hùng, Phường Mễ Trì, Quận Nam Từ Liêm, Thành phố Hà Nội',N'Nữ',1,'maianh0112')
INSERT INTO GIAOVIEN VALUES(N'Bùi Nhật Tú','0916175566','1991-01-12',N'Số 20 đường Bờ Sông, Phường Phú Đô, Quận Nam Từ Liêm, Thành phố Hà Nội',N'Nữ',1,'nhattu1201')
INSERT INTO GIAOVIEN VALUES(N'Nguyễn Quang Anh','0987898882','1992-02-22',N'Thôn Kim Động, Thị Trấn Kim Bài, Huyện Thanh Oai, Thành phố Hà Nội',N'Nam',1,'quanganh2202')
INSERT INTO GIAOVIEN VALUES(N'Đặng Xuân Tuấn','0912040325','1993-03-17',N'Số nhà 19A, ngõ 269 Lạc Long Quân, Phường Nghĩa Đô, Quận Cầu Giấy, Thành phố Hà Nội',N'Nam',1,'xuantuan1703')
INSERT INTO GIAOVIEN VALUES(N'Nguyễn Tuấn Anh','0989965118','1994-05-16',N'Số 502 đường Võ Chí Công, Phường Xuân La, Quận Tây Hồ, Thành phố Hà Nội',N'Nam',1,'tuananh1605')

INSERT INTO GIAOVIEN VALUES(N'Trần Huy Chí','0983266986','1991-09-05',N'18 Hàng Bông, Phường Hàng Gai, Quận Hoàn Kiếm, Thành phố Hà Nội',N'Nam',1,'huychi0509')
INSERT INTO GIAOVIEN VALUES(N'Đào Công Ba','0984652666','1992-10-06',N'Sô 23B, ngõ 152 Đường Nguyễn Đình Hoàn, Phường Nghĩa Đô, Quận Cầu Giấy, Thành phố Hà Nội',N'Nam',1,'congba0610')
INSERT INTO GIAOVIEN VALUES(N'Vũ Đức Trọng','0942554498','1993-08-21',N'58 Ngụy Như Kon Tum, Phường Nhân Chính, Quận Thanh Xuân, Thành phố Hà Nội',N'Nam',1,'ductrong2108')
INSERT INTO GIAOVIEN VALUES(N'Phạm Đức Thuận','0985861886','1994-06-02',N'Tầng 2, Số 9, Ngõ 4, phố Duy Tân, Phường Dịch Vọng Hậu, Quận Cầu Giấy, Thành phố Hà Nội',N'Nam',1,'ducthuan0206')
INSERT INTO GIAOVIEN VALUES(N'Nguyễn Thị Kim Nga','0904148645','1995-02-07',N'Số 6, ngõ 19, Phố Tây Trà, Phường Trần Phú, Quận Hoàng Mai, Thành phố Hà Nội',N'Nữ',1,'kimnga0702')
INSERT INTO GIAOVIEN VALUES(N'Trần Thùy Dung','0905658645','1995-04-07',N'121K1 Giảng Võ',N'Nữ',1,'thuydung0704')
INSERT INTO GIAOVIEN VALUES(N'Hoàng Mạnh Hùng','0304148645','1997-02-16',N'27-28, ngõ 294 Vạn Phúc, Kim Mã',N'Nam',1,'manhhung1602')
INSERT INTO GIAOVIEN VALUES(N'Nguyễn Tuấn Hưng','0324148645','1999-01-07',N'40 Cao Bá Quát',N'Nam',1,'tuanhung0701')
INSERT INTO GIAOVIEN VALUES(N'Nguyễn Nhật Linh','0351448645','1992-02-07',N'30 Núi Trúc',N'Nữ',1,'nhatlinh0702')


--------------------------------------------------------------------------- .-GIAOVIEN ------------------------------------------------------------------------------------------------------------------------------------------------------

--------------------------------------------------------------------------- HOCVIEN ---------------------------------------------------------------------------------------------------------------------------------------------------------
INSERT INTO HOCVIEN VALUES(N'Hồ Ngọc Linh','0975778066','2003-01-21',N'Số nhà 15, Ngõ 1, Thôn Tiên Lữ, Xã Dân Hòa, Huyện Thanh Oai, Thành phố Hà Nội',N'Nữ',1)
INSERT INTO HOCVIEN VALUES(N'Lê Hữu Tường','0966491916','2003-02-12',N'Số 6 Ngõ 46 Phố Hưng Thịnh, Phường Yên Sở, Quận Hoàng Mai, Thành phố Hà Nội',N'Nam',1)
INSERT INTO HOCVIEN VALUES(N'Vũ Minh Đức','0989383751','2003-03-03',N'Số 10 ngõ 2 ngách 2 thôn Mã Kiều, Xã Phương Trung, Huyện Thanh Oai, Thành phố Hà Nội',N'Nam',1)
INSERT INTO HOCVIEN VALUES(N'Nguyễn Hoàng Giang','0932200679','2003-09-06',N'Phòng 707 tầng 7 Khu văn phòng, Tòa B2 Tòa nhà Sky Central số 176 Định Công, Phường Định Công, Quận Hoàng Mai, Thành phố Hà Nội',N'Nữ',1)
INSERT INTO HOCVIEN VALUES(N'Nguyễn Thị Oanh','0904313086','2003-12-31',N'Số 41 Ngõ 362 Đường Giải Phóng, Phường Thịnh Liệt, Quận Hoàng Mai, Thành phố Hà Nội',N'Nữ',1)
INSERT INTO HOCVIEN VALUES(N'Nguyễn Xuân Thương','0968686291','2003-08-29',N'Số 136 Hoàng Quốc Việt, Phường Nghĩa Tân, Quận Cầu Giấy, Thành phố Hà Nội',N'Nam',1)
INSERT INTO HOCVIEN VALUES(N'Vũ Anh Tuấn','0918207369','2003-07-27',N'Số 52 ngõ 45 đường Võ Chí Công, Phường Nghĩa Đô, Quận Cầu Giấy, Thành phố Hà Nội',N'Nam',1)
INSERT INTO HOCVIEN VALUES(N'Lê Thúy Anh','0987246616','2003-06-19',N'Tầng 3, Tháp văn phòng AB, Tòa nhà Udic Complex, N04 Hoàng Đạo Thúy, Phường Trung Hoà, Quận Cầu Giấy, Thành phố Hà Nội',N'Nữ',1)
INSERT INTO HOCVIEN VALUES(N'Lê Ngọc Ánh','0986525976','2003-05-12',N'Số 53A, ngõ 120 Hoàng Quốc Việt, Phường Nghĩa Tân, Quận Cầu Giấy, Thành phố Hà Nội',N'Nữ',1)
INSERT INTO HOCVIEN VALUES(N'Phạm Huy Hoàng','0974384863','2003-04-15',N'Số nhà 1C, Ngách 37-27 Phố Dịch Vọng, Phường Dịch Vọng, Quận Cầu Giấy, Thành phố Hà Nội',N'Nam',1)

INSERT INTO HOCVIEN VALUES(N'Lưu Tuấn Anh','0904629579','2003-05-10',N'Số 20, liền kề 9, khu đô thị mới Kim Chung Di Trạch, Xã Kim Chung, Huyện Hoài Đức, Thành phố Hà Nội',N'Nam',1)
INSERT INTO HOCVIEN VALUES(N'Nguyễn Ngọc Ánh','0983054815','2003-03-08',N'Số 52 đường Mã Mây, Phường Hàng Buồm, Quận Hoàn Kiếm, Thành phố Hà Nội',N'Nữ',1)
INSERT INTO HOCVIEN VALUES(N'Đào Như Quỳnh','0902207799','2003-01-09',N'Tầng 15, Khối B, tòa nhà Sông Đà đường Phạm Hùng, Phường Mỹ Đình 1, Quận Nam Từ Liêm, Thành phố Hà Nội',N'Nữ',1)
INSERT INTO HOCVIEN VALUES(N'Nguyễn Thị Mến','0988464946','2003-02-14',N'Tầng 8, số 18 Khúc Thừa Dụ, Phường Dịch Vọng, Quận Cầu Giấy, Thành phố Hà Nội',N'Nữ',1)
INSERT INTO HOCVIEN VALUES(N'Phạm Thị Hồng','0983463800','2003-10-13',N'Số nhà 4, Ngõ 37, Phố Vĩnh Hưng, Phường Vĩnh Hưng, Quận Hoàng Mai, Thành phố Hà Nội',N'Nữ',1)
INSERT INTO HOCVIEN VALUES(N'Ngô Bảo An','0914162689','2003-06-05',N'27-28, ngõ 294 Vạn Phúc, Kim Mã',N'Nam',1)
INSERT INTO HOCVIEN VALUES(N'Nguyễn Hoàng An','0369788679','2003-07-19',N'40 Cao Bá Quát',N'Nam',1)
INSERT INTO HOCVIEN VALUES(N'Phan Hữu An','0978178764','2003-07-20',N'121K1 Giảng Võ',N'Nam',1)
INSERT INTO HOCVIEN VALUES(N'Đỗ Trần Minh Anh','0979809204','2003-12-19',N'555 Kim Mã',N'Nam',1)
INSERT INTO HOCVIEN VALUES(N'Lê Trần Duy Anh','0905682529','2003-09-26',N'32 Phó Đức Chính',N'Nam',1)

INSERT INTO HOCVIEN VALUES(N'Cù Xuân Bách','0982725726','2003-06-05',N'30 Núi Trúc',N'Nam',1)
INSERT INTO HOCVIEN VALUES(N'Lê Minh Châu','0937303282','2003-07-26',N'102A Ngọc Khánh',N'Nữ',1)
INSERT INTO HOCVIEN VALUES(N'Nguyễn Quang Chiến','0974131489','2003-05-03',N'269A Kim Mã',N'Nam',1)
INSERT INTO HOCVIEN VALUES(N'Vũ Văn Dũng','0984084034','2003-10-26',N'76 Phạm Huy Thông, Ngọc Khánh',N'Nam',1)
INSERT INTO HOCVIEN VALUES(N'Nguyễn Lê Tùng Dương','0977557349','2003-02-17',N'Số 68, Phạm Huy Thông, Ngọc Khánh',N'Nam',1)
INSERT INTO HOCVIEN VALUES(N'Đỗ Văn Hà','0349616718','2003-02-03',N'103A Kim mã',N'Nam',1)
INSERT INTO HOCVIEN VALUES(N'Phạm Việt Hải','0372389777','11-11-2003',N'27-28, ngõ 294 Vạn Phúc, Kim Mã',N'Nam',1)
INSERT INTO HOCVIEN VALUES(N'Tạ Hoàng Hải','0986958908','2003-12-11',N'40 Cao Bá Quát',N'Nam',1)
INSERT INTO HOCVIEN VALUES(N'Nguyễn Xuân Hậu','0348129157','2003-11-12',N'121K1 Giảng Võ',N'Nam',1)
INSERT INTO HOCVIEN VALUES(N'Lương Đặng Minh Hiếu','0373433886','09-10-2003',N'555 Kim Mã',N'Nam',1)

INSERT INTO HOCVIEN VALUES(N'Nguyễn Minh Hiếu','0988753023','2003-01-25',N'32 Phó Đức Chính',N'Nam',1)
INSERT INTO HOCVIEN VALUES(N'Phạm Nghĩa Hiếu','0356077115','2003-09-07',N'30 Núi Trúc',N'Nam',1)
INSERT INTO HOCVIEN VALUES(N'Nguyễn Xuân Hòa','0972907579','2003-07-31',N'102A Ngọc Khánh',N'Nam',1)
INSERT INTO HOCVIEN VALUES(N'Hoàng Mạnh Hùng','0904054732','2003-11-21',N'269A Kim Mã',N'Nam',1)
INSERT INTO HOCVIEN VALUES(N'Nguyễn Tuấn Hưng','0358102387','2003-11-06',N'76 Phạm Huy Thông, Ngọc Khánh',N'Nam',1)
INSERT INTO HOCVIEN VALUES(N'Phạm Việt Hưng','0366240750','2002-07-06',N'Số 68, Phạm Huy Thông, Ngọc Khánh',N'Nam',1)
INSERT INTO HOCVIEN VALUES(N'Vũ Đỗ Đức Khải','0983043195','2003-01-01',N'103A Kim mã',N'Nam',1)
INSERT INTO HOCVIEN VALUES(N'Đinh Vũ Tùng Lâm','0914162689','2003-01-15',N'27-28, ngõ 294 Vạn Phúc, Kim Mã',N'Nam',1)
INSERT INTO HOCVIEN VALUES(N'Mai Diệu Linh','0369788679','2003-02-25',N'40 Cao Bá Quát',N'Nữ',1)
INSERT INTO HOCVIEN VALUES(N'Nguyễn Nhật Linh','0978178764','2003-12-24',N'121K1 Giảng Võ',N'Nam',1)

INSERT INTO HOCVIEN VALUES(N'Nguyễn Phương Linh','0979809204','2003-11-26',N'555 Kim Mã',N'Nữ',1)
INSERT INTO HOCVIEN VALUES(N'Phạm Cát Linh','0905682529','2003-05-04',N'32 Phó Đức Chính',N'Nam',1)
INSERT INTO HOCVIEN VALUES(N'Nguyễn Trần Hải Nam','0982725726','2003-08-20',N'30 Núi Trúc',N'Nam',1)
INSERT INTO HOCVIEN VALUES(N'Cấn Minh Nghĩa','0937303282','2003-03-25',N'102A Ngọc Khánh',N'Nam',1)
INSERT INTO HOCVIEN VALUES(N'Trương Tuấn Nghĩa','0974131489','2003-09-08',N'269A Kim Mã',N'Nam',1)
INSERT INTO HOCVIEN VALUES(N'Phạm Nguyễn Bảo Ngọc','0984084034','2003-05-03',N'76 Phạm Huy Thông, Ngọc Khánh',N'Nữ',1)
INSERT INTO HOCVIEN VALUES(N'Nguyễn Hoàng Phúc','0977557349','2003-03-14',N'Số 68, Phạm Huy Thông, Ngọc Khánh',N'Nam',1)
INSERT INTO HOCVIEN VALUES(N'Phạm Ngọc Thạch','0349616718','2003-11-13',N'103A Kim mã',N'Nam',1)
INSERT INTO HOCVIEN VALUES(N'Đinh Thanh Thảo','0372389777','2003-11-05',N'27-28, ngõ 294 Vạn Phúc, Kim Mã',N'Nữ',1)
INSERT INTO HOCVIEN VALUES(N'Nguyễn Đức Thịnh','0986958908','2003-02-10',N'40 Cao Bá Quát',N'Nam',1)

INSERT INTO HOCVIEN VALUES(N'Ngô Thu Thủy','0348129157','2003-06-20',N'121K1 Giảng Võ',N'Nữ',1)
INSERT INTO HOCVIEN VALUES(N'Nguyễn Thị Tới','0373433886','2003-04-26',N'555 Kim Mã',N'Nữ',1)
INSERT INTO HOCVIEN VALUES(N'Nguyễn Thị Huyền Trang','0988753023','2003-03-02',N'32 Phó Đức Chính',N'Nữ',1)
INSERT INTO HOCVIEN VALUES(N'Nguyễn Thu Trang','0356077115','2003-03-26',N'30 Núi Trúc',N'Nữ',1)
INSERT INTO HOCVIEN VALUES(N'Lê Đặng Thành Trung','0984084034','2003-11-29',N'102A Ngọc Khánh',N'Nam',1)
INSERT INTO HOCVIEN VALUES(N'Phạm Đình Tú','0977557349','2003-10-17',N'269A Kim Mã',N'Nam',1)
INSERT INTO HOCVIEN VALUES(N'Nguyễn Huy Tuấn','0349616718','2003-12-24',N'76 Phạm Huy Thông, Ngọc Khánh',N'Nam',1)
INSERT INTO HOCVIEN VALUES(N'Trương Khánh An','0983109724','2003-01-16',N'Số 58 Phạm Huy Thông, Ngọc Khánh',N'Nam',1)
INSERT INTO HOCVIEN VALUES(N'Bùi Việt Anh','0916175566','2003-01-17',N'63 Cửa Bắc',N'Nam',1)
INSERT INTO HOCVIEN VALUES(N'Đàm Quang Anh','0987898882','2003-01-18',N'31 Láng Hạ, Ba Đình',N'Nam',1)

INSERT INTO HOCVIEN VALUES(N'Phan Xuân Bảo','0912040325','2003-01-19',N'281 đội cấn',N'Nam',1)
INSERT INTO HOCVIEN VALUES(N'Nguyễn Đỗ Ngọc Diệp','0989965118','2003-01-20',N'Số 58 Phạm Huy Thông, Ngọc Khánh',N'Nữ',1)
INSERT INTO HOCVIEN VALUES(N'Nguyễn Bảo Dung','0904352749','2003-01-21',N'63 Cửa Bắc',N'Nữ',1)
INSERT INTO HOCVIEN VALUES(N'Trần Thùy Dung','0902210733','2003-01-22',N'31 Láng Hạ, Ba Đình',N'Nữ',1)
INSERT INTO HOCVIEN VALUES(N'Vi Đức Chí Dũng','0934447788','2003-01-23',N'281 đội cấn',N'Nam',1)
INSERT INTO HOCVIEN VALUES(N'Trần Huy Đạt','0968686291','2003-01-24',N'Số 58 Phạm Huy Thông, Ngọc Khánh',N'Nam',1)
INSERT INTO HOCVIEN VALUES(N'Vũ Quý Đạt','0983266986','2003-01-25',N'63 Cửa Bắc',N'Nam',1)
INSERT INTO HOCVIEN VALUES(N'Trần Minh Đức','0912177345','2003-01-26',N'31 Láng Hạ, Ba Đình',N'Nam',1)
INSERT INTO HOCVIEN VALUES(N'Vũ Đình Đức','0903220098','2003-01-27',N'281 đội cấn',N'Nam',1)
INSERT INTO HOCVIEN VALUES(N'Lê Minh Hiếu','0976785816','2003-01-28',N'Số 58 Phạm Huy Thông, Ngọc Khánh',N'Nam',1)

INSERT INTO HOCVIEN VALUES(N'Lê Xuân Hoàng','0983109724','2003-01-29',N'63 Cửa Bắc',N'Nam',1)
INSERT INTO HOCVIEN VALUES(N'Tô Việt Hoàng','0983899956','2003-01-30',N'31 Láng Hạ, Ba Đình',N'Nam',1)
INSERT INTO HOCVIEN VALUES(N'Nguyễn Duy Hưng','0984652666','2003-01-31',N'281 đội cấn',N'Nam',1)
INSERT INTO HOCVIEN VALUES(N'Trần Quang Huy','0942554498','2003-02-01',N'Số 58 Phạm Huy Thông, Ngọc Khánh',N'Nam',1)
INSERT INTO HOCVIEN VALUES(N'Vũ Việt Khánh','0388403008','2003-02-02',N'63 Cửa Bắc',N'Nam',1)
INSERT INTO HOCVIEN VALUES(N'Hồ Xuân Khoa','0985861886','2003-02-03',N'31 Láng Hạ, Ba Đình',N'Nam',1)
INSERT INTO HOCVIEN VALUES(N'Nguyễn Trung Kiên','0904629579','2003-02-04',N'281 đội cấn',N'Nam',1)
INSERT INTO HOCVIEN VALUES(N'Trịnh Trung Kiên','0983054815','2003-02-05',N'Số 58 Phạm Huy Thông, Ngọc Khánh',N'Nam',1)
INSERT INTO HOCVIEN VALUES(N'Trần Phương Linh','0902207799','2003-02-06',N'63 Cửa Bắc',N'Nữ',1)
INSERT INTO HOCVIEN VALUES(N'Nguyễn Duy Long','0988464946','2003-02-07',N'31 Láng Hạ, Ba Đình',N'Nam',1)

INSERT INTO HOCVIEN VALUES(N'Trần Công Minh','0983463800','2003-02-08',N'281 đội cấn',N'Nam',1)
INSERT INTO HOCVIEN VALUES(N'Vũ Hồng Ngọc','0904148645','2003-02-09',N'Số 58 Phạm Huy Thông, Ngọc Khánh',N'Nữ',1)
INSERT INTO HOCVIEN VALUES(N'Trần Thị Yến Nhi','0975778066','2003-02-10',N'63 Cửa Bắc',N'Nam',1)
INSERT INTO HOCVIEN VALUES(N'Phạm Gia Phong','0966491916','2003-02-11',N'31 Láng Hạ, Ba Đình',N'Nam',1)
INSERT INTO HOCVIEN VALUES(N'Nguyễn Hồng Quân','0985505131','2003-02-12',N'281 đội cấn',N'Nam',1)
INSERT INTO HOCVIEN VALUES(N'Nguyễn Long Quang','0989383751','2003-02-13',N'Số 58 Phạm Huy Thông, Ngọc Khánh',N'Nam',1)
INSERT INTO HOCVIEN VALUES(N'Dương Đình Quý','0983512050','2003-02-14',N'63 Cửa Bắc',N'Nam',1)
INSERT INTO HOCVIEN VALUES(N'Nguyễn Quang Quý','0932200679','2003-02-15',N'31 Láng Hạ, Ba Đình',N'Nam',1)
INSERT INTO HOCVIEN VALUES(N'Lê Khả Thái Sơn','0987987352','2003-02-16',N'281 đội cấn',N'Nam',1)
INSERT INTO HOCVIEN VALUES(N'Nguyễn Bá Sơn','0978789114','2003-02-17',N'Số 58 Phạm Huy Thông, Ngọc Khánh',N'Nam',1)

INSERT INTO HOCVIEN VALUES(N'Đặng Khánh Thiện','0968686291','2003-02-18',N'63 Cửa Bắc',N'Nam',1)
INSERT INTO HOCVIEN VALUES(N'Hà Thành Tôn','0904313086','2003-02-19',N'31 Láng Hạ, Ba Đình',N'Nam',1)
INSERT INTO HOCVIEN VALUES(N'Hà Đình Trí','0918207369','2003-02-20',N'281 đội cấn',N'Nam',1)
INSERT INTO HOCVIEN VALUES(N'Đỗ Xuân Trọng','0987246616','2003-02-21',N'Số 58 Phạm Huy Thông, Ngọc Khánh',N'Nam',1)
INSERT INTO HOCVIEN VALUES(N'Nguyễn Anh Tú','0978789114','2003-02-22',N'63 Cửa Bắc',N'Nam',1)
INSERT INTO HOCVIEN VALUES(N'Bùi Thành Vinh','0968686291','2003-02-23',N'31 Láng Hạ, Ba Đình',N'Nam',1)
INSERT INTO HOCVIEN VALUES(N'Đỗ Nguyên Vũ','0904313086','2003-02-24',N'281 đội cấn',N'Nam',1)
INSERT INTO HOCVIEN VALUES(N'Nguyễn Đức Vũ','0918207369','2003-02-25',N'Số 58 Phạm Huy Thông, Ngọc Khánh',N'Nam',1)
INSERT INTO HOCVIEN VALUES(N'Trần Lan Vy','0987246616','2003-02-26',N'63 Cửa Bắc',N'Nữ',1)

INSERT INTO HOCVIEN VALUES(N'Đặng Thị Tâm Anh','0983109724','2002-02-01',N'58 Ngụy Như Kon Tum,, Phường Nhân Chính, Quận Thanh Xuân, Hà Nội',N'Nữ',1)
INSERT INTO HOCVIEN VALUES(N'Nguyễn Lê Ngọc Anh','0916175566','2002-02-02',N'Sô 23B, ngõ 152 Đường Nguyễn Đình Hoàn,, Phường Nghĩa Đô, Quận Cầu Giấy, Hà Nội',N'Nam',1)
INSERT INTO HOCVIEN VALUES(N'Nguyễn Công Bảo','0987898882','2002-02-03',N'Số 20, liền kề 9, khu đô thị mới Kim Chung Di Trạch,, Xã Kim Chung, Huyện Hoài Đức, Hà Nội',N'Nam',1)
INSERT INTO HOCVIEN VALUES(N'Đặng Tiến Dũng','0912040325','2002-02-04',N'Số 52 đường Mã Mây,, Phường Hàng Buồm, Quận Hoàn Kiếm, Hà Nội',N'Nam',1)
INSERT INTO HOCVIEN VALUES(N'Nguyễn Đức Dũng','0989965118','2002-02-05',N'Tầng 15, Khối B, tòa nhà Sông Đà đường Phạm Hùng,, Phường Mỹ Đình 1, Quận Nam Từ Liêm, Hà Nội',N'Nam',1)
INSERT INTO HOCVIEN VALUES(N'Nguyễn Lê Quý Dương','0904352749','2002-02-06',N'18 Hàng Bông,, Phường Hàng Gai, Quận Hoàn Kiếm, Hà Nội',N'Nam',1)
INSERT INTO HOCVIEN VALUES(N'Vũ Minh Điềm','0902210733','2002-02-07',N'Số 10 ngõ 322/158, đường Mỹ Đình,, Phường Mỹ Đình 1, Quận Nam Từ Liêm, Hà Nội',N'Nam',1)
INSERT INTO HOCVIEN VALUES(N'Phạm Minh Đức','0934447788','2002-02-08',N'Số TT02A, đường Thạch Thảo, Vinhomes Greenbay,, Phường Mễ Trì, Quận Nam Từ Liêm, Hà Nội',N'Nam',1)
INSERT INTO HOCVIEN VALUES(N'Bùi Đức Hải','0968686291','2002-02-09',N'Tầng 15, Tòa A3, Dự án Ecolife Capitol, Số 58 Tố Hữu,, Phường Mễ Trì, Quận Nam Từ Liêm, Hà Nội',N'Nam',1)
INSERT INTO HOCVIEN VALUES(N'Đỗ Lý Minh Hải','0983266986','2002-02-10',N'Số 1 ngách 173/151 đường Hoàng Hoa Thám,, Phường Ngọc Hà, Quận Ba Đình, Hà Nội',N'Nam',1)
INSERT INTO HOCVIEN VALUES(N'Nguyễn Công Minh Hải','0912177345','2002-02-11',N'W1.3001,Vinhomes Westpoint, Lô HH, đường Phạm Hùng,, Phường Mễ Trì, Quận Nam Từ Liêm, Hà Nội',N'Nam',1)
INSERT INTO HOCVIEN VALUES(N'Hồ Tùng Hiệp','0903220098','2002-02-12',N'58 Ngụy Như Kon Tum,, Phường Nhân Chính, Quận Thanh Xuân, Hà Nội',N'Nam',1)
INSERT INTO HOCVIEN VALUES(N'Nguyễn Đức Hiệp','0976785816','2002-02-13',N'Sô 23B, ngõ 152 Đường Nguyễn Đình Hoàn,, Phường Nghĩa Đô, Quận Cầu Giấy, Hà Nội',N'Nam',1)
INSERT INTO HOCVIEN VALUES(N'Nguyễn Thị Hoa','0983109724','2002-02-14',N'Số 20, liền kề 9, khu đô thị mới Kim Chung Di Trạch,, Xã Kim Chung, Huyện Hoài Đức, Hà Nội',N'Nữ',1)
INSERT INTO HOCVIEN VALUES(N'Nguyễn Việt Hoàng','0983899956','2002-02-15',N'Số 52 đường Mã Mây,, Phường Hàng Buồm, Quận Hoàn Kiếm, Hà Nội',N'Nam',1)
INSERT INTO HOCVIEN VALUES(N'Trần Đức Hùng','0984652666','2002-02-16',N'Tầng 15, Khối B, tòa nhà Sông Đà đường Phạm Hùng,, Phường Mỹ Đình 1, Quận Nam Từ Liêm, Hà Nội',N'Nam',1)
INSERT INTO HOCVIEN VALUES(N'Hoàng Việt Hưng','0942554498','2002-02-17',N'18 Hàng Bông,, Phường Hàng Gai, Quận Hoàn Kiếm, Hà Nội',N'Nam',1)
INSERT INTO HOCVIEN VALUES(N'Lê Quang Hưng','0388403008','2002-02-18',N'Số 10 ngõ 322/158, đường Mỹ Đình,, Phường Mỹ Đình 1, Quận Nam Từ Liêm, Hà Nội',N'Nam',1)
INSERT INTO HOCVIEN VALUES(N'Bùi Sỹ Khánh','0985861886','2002-02-19',N'Số TT02A, đường Thạch Thảo, Vinhomes Greenbay,, Phường Mễ Trì, Quận Nam Từ Liêm, Hà Nội',N'Nam',1)
INSERT INTO HOCVIEN VALUES(N'Nguyễn Nam Khánh','0904629579','2002-02-20',N'Tầng 15, Tòa A3, Dự án Ecolife Capitol, Số 58 Tố Hữu,, Phường Mễ Trì, Quận Nam Từ Liêm, Hà Nội',N'Nam',1)
INSERT INTO HOCVIEN VALUES(N'Nguyễn Ngọc Khoa','0983054815','2002-02-21',N'Số 1 ngách 173/151 đường Hoàng Hoa Thám,, Phường Ngọc Hà, Quận Ba Đình, Hà Nội',N'Nam',1)
INSERT INTO HOCVIEN VALUES(N'Lê Quang Minh','0902207799','2002-02-22',N'W1.3001,Vinhomes Westpoint, Lô HH, đường Phạm Hùng,, Phường Mễ Trì, Quận Nam Từ Liêm, Hà Nội',N'Nam',1)
INSERT INTO HOCVIEN VALUES(N'Ngô Bình Minh','0988464946','2002-02-23',N'Số 20, liền kề 9, khu đô thị mới Kim Chung Di Trạch,, Xã Kim Chung, Huyện Hoài Đức, Hà Nội',N'Nam',1)
INSERT INTO HOCVIEN VALUES(N'Nguyễn Ngọc Minh','0983463800','2002-02-24',N'58 Ngụy Như Kon Tum,, Phường Nhân Chính, Quận Thanh Xuân, Hà Nội',N'Nam',1)
INSERT INTO HOCVIEN VALUES(N'Nguyễn Phúc Minh','0904148645','2002-02-25',N'Sô 23B, ngõ 152 Đường Nguyễn Đình Hoàn,, Phường Nghĩa Đô, Quận Cầu Giấy, Hà Nội',N'Nam',1)
INSERT INTO HOCVIEN VALUES(N'Vũ Lê Minh','0975778066','2002-02-26',N'Số 20, liền kề 9, khu đô thị mới Kim Chung Di Trạch,, Xã Kim Chung, Huyện Hoài Đức, Hà Nội',N'Nam',1)
INSERT INTO HOCVIEN VALUES(N'Nguyễn Hoàng Nguyên','0966491916','2002-02-27',N'Số 52 đường Mã Mây,, Phường Hàng Buồm, Quận Hoàn Kiếm, Hà Nội',N'Nam',1)
INSERT INTO HOCVIEN VALUES(N'Đặng Thu Phương','0985505131','2002-02-28',N'Tầng 15, Khối B, tòa nhà Sông Đà đường Phạm Hùng,, Phường Mỹ Đình 1, Quận Nam Từ Liêm, Hà Nội',N'Nữ',1)
INSERT INTO HOCVIEN VALUES(N'Trần Minh Quân','0989383751','2002-03-01',N'18 Hàng Bông,, Phường Hàng Gai, Quận Hoàn Kiếm, Hà Nội',N'Nam',1)
INSERT INTO HOCVIEN VALUES(N'Mạc Đăng Quang','0983512050','2002-03-02',N'Số 10 ngõ 322/158, đường Mỹ Đình,, Phường Mỹ Đình 1, Quận Nam Từ Liêm, Hà Nội',N'Nam',1)
INSERT INTO HOCVIEN VALUES(N'Phạm Quang Sáng','0932200679','2002-03-03',N'Số TT02A, đường Thạch Thảo, Vinhomes Greenbay,, Phường Mễ Trì, Quận Nam Từ Liêm, Hà Nội',N'Nam',1)
INSERT INTO HOCVIEN VALUES(N'Vũ Tâm','0987987352','2002-03-04',N'Tầng 15, Tòa A3, Dự án Ecolife Capitol, Số 58 Tố Hữu,, Phường Mễ Trì, Quận Nam Từ Liêm, Hà Nội',N'Nam',1)
INSERT INTO HOCVIEN VALUES(N'Tạ Việt Thắng','0978789118','2002-03-05',N'Số 1 ngách 173/151 đường Hoàng Hoa Thám,, Phường Ngọc Hà, Quận Ba Đình, Hà Nội',N'Nam',1)
INSERT INTO HOCVIEN VALUES(N'Trương Tấn Thành','0968686291','2002-03-06',N'W1.3001,Vinhomes Westpoint, Lô HH, đường Phạm Hùng,, Phường Mễ Trì, Quận Nam Từ Liêm, Hà Nội',N'Nam',1)
INSERT INTO HOCVIEN VALUES(N'Bùi Hoàng Thanh Thùy','0904313086','2002-03-07',N'58 Ngụy Như Kon Tum,, Phường Nhân Chính, Quận Thanh Xuân, Hà Nội',N'Nữ',1)
INSERT INTO HOCVIEN VALUES(N'Nguyễn Công Toại','0918207369','2002-03-08',N'Sô 23B, ngõ 152 Đường Nguyễn Đình Hoàn,, Phường Nghĩa Đô, Quận Cầu Giấy, Hà Nội',N'Nam',1)
INSERT INTO HOCVIEN VALUES(N'Tạ Anh Trung','0987246616','2002-03-09',N'Số 20, liền kề 9, khu đô thị mới Kim Chung Di Trạch,, Xã Kim Chung, Huyện Hoài Đức, Hà Nội',N'Nam',1)
INSERT INTO HOCVIEN VALUES(N'Lê Anh Tuấn','0978789148','2002-03-10',N'Số 52 đường Mã Mây,, Phường Hàng Buồm, Quận Hoàn Kiếm, Hà Nội',N'Nam',1)
INSERT INTO HOCVIEN VALUES(N'Đinh Văn Tùng','0968686291','2002-03-11',N'Tầng 15, Khối B, tòa nhà Sông Đà đường Phạm Hùng,, Phường Mỹ Đình 1, Quận Nam Từ Liêm, Hà Nội',N'Nam',1)
INSERT INTO HOCVIEN VALUES(N'Phí Anh Vũ','0904313086','2002-03-12',N'18 Hàng Bông,, Phường Hàng Gai, Quận Hoàn Kiếm, Hà Nội',N'Nam',1)
INSERT INTO HOCVIEN VALUES(N'Nguyễn Hải Anh','0918207369','2002-03-13',N'Số 10 ngõ 322/158, đường Mỹ Đình,, Phường Mỹ Đình 1, Quận Nam Từ Liêm, Hà Nội',N'Nam',1)
INSERT INTO HOCVIEN VALUES(N'Nguyễn Quang Anh','0987246616','2002-03-14',N'Số TT02A, đường Thạch Thảo, Vinhomes Greenbay,, Phường Mễ Trì, Quận Nam Từ Liêm, Hà Nội',N'Nam',1)
INSERT INTO HOCVIEN VALUES(N'Trần Minh Anh','0904148645','2002-03-15',N'Tầng 15, Tòa A3, Dự án Ecolife Capitol, Số 58 Tố Hữu,, Phường Mễ Trì, Quận Nam Từ Liêm, Hà Nội',N'Nữ',1)
INSERT INTO HOCVIEN VALUES(N'Đặng Duy Gia Bách','0975778066','2002-03-16',N'Số 1 ngách 173/151 đường Hoàng Hoa Thám,, Phường Ngọc Hà, Quận Ba Đình, Hà Nội',N'Nam',1)
INSERT INTO HOCVIEN VALUES(N'Nguyễn Chí Công','0966491916','2002-03-17',N'W1.3001,Vinhomes Westpoint, Lô HH, đường Phạm Hùng,, Phường Mễ Trì, Quận Nam Từ Liêm, Hà Nội',N'Nam',1)
INSERT INTO HOCVIEN VALUES(N'Vũ Bá Công','0985505131','2002-03-18',N'58 Ngụy Như Kon Tum,, Phường Nhân Chính, Quận Thanh Xuân, Hà Nội',N'Nam',1)
INSERT INTO HOCVIEN VALUES(N'Trần Nam Dân','0989383751','2002-03-19',N'Sô 23B, ngõ 152 Đường Nguyễn Đình Hoàn,, Phường Nghĩa Đô, Quận Cầu Giấy, Hà Nội',N'Nam',1)
INSERT INTO HOCVIEN VALUES(N'Trần Quốc Dũng','0983512050','2002-03-20',N'Số 20, liền kề 9, khu đô thị mới Kim Chung Di Trạch,, Xã Kim Chung, Huyện Hoài Đức, Hà Nội',N'Nam',1)
INSERT INTO HOCVIEN VALUES(N'Đinh Thái Dương','0932200679','2002-03-21',N'Số 52 đường Mã Mây,, Phường Hàng Buồm, Quận Hoàn Kiếm, Hà Nội',N'Nam',1)
INSERT INTO HOCVIEN VALUES(N'Nguyễn Quý Dương','0987987352','2002-03-22',N'Tầng 15, Khối B, tòa nhà Sông Đà đường Phạm Hùng,, Phường Mỹ Đình 1, Quận Nam Từ Liêm, Hà Nội',N'Nam',1)
INSERT INTO HOCVIEN VALUES(N'Mai Đức Đạt','0978789118','2002-03-23',N'18 Hàng Bông,, Phường Hàng Gai, Quận Hoàn Kiếm, Hà Nội',N'Nam',1)
INSERT INTO HOCVIEN VALUES(N'Nguyễn Thành Đạt','0968686291','2002-03-24',N'Số 10 ngõ 322/158, đường Mỹ Đình,, Phường Mỹ Đình 1, Quận Nam Từ Liêm, Hà Nội',N'Nam',1)
INSERT INTO HOCVIEN VALUES(N'Nguyễn Huy Thái Đức','0904313086','2002-03-25',N'Số TT02A, đường Thạch Thảo, Vinhomes Greenbay,, Phường Mễ Trì, Quận Nam Từ Liêm, Hà Nội',N'Nam',1)
INSERT INTO HOCVIEN VALUES(N'Nguyễn Mạnh Hà','0918207369','2002-03-26',N'Tầng 15, Tòa A3, Dự án Ecolife Capitol, Số 58 Tố Hữu,, Phường Mễ Trì, Quận Nam Từ Liêm, Hà Nội',N'Nam',1)
INSERT INTO HOCVIEN VALUES(N'Cao Nguyễn Hoàng Hải','0987246616','2002-03-27',N'Số 1 ngách 173/151 đường Hoàng Hoa Thám,, Phường Ngọc Hà, Quận Ba Đình, Hà Nội',N'Nam',1)
INSERT INTO HOCVIEN VALUES(N'Nguyễn Minh Hiển','0978789148','2002-03-28',N'W1.3001,Vinhomes Westpoint, Lô HH, đường Phạm Hùng,, Phường Mễ Trì, Quận Nam Từ Liêm, Hà Nội',N'Nam',1)
INSERT INTO HOCVIEN VALUES(N'Phạm Trung Hiếu','0968686291','2002-03-29',N'58 Ngụy Như Kon Tum,, Phường Nhân Chính, Quận Thanh Xuân, Hà Nội',N'Nam',1)
INSERT INTO HOCVIEN VALUES(N'Phạm Huy Hoàng','0904313086','2002-03-30',N'Sô 23B, ngõ 152 Đường Nguyễn Đình Hoàn,, Phường Nghĩa Đô, Quận Cầu Giấy, Hà Nội',N'Nam',1)
INSERT INTO HOCVIEN VALUES(N'Phùng Kim Hưng','0918207369','2002-03-31',N'Số 20, liền kề 9, khu đô thị mới Kim Chung Di Trạch,, Xã Kim Chung, Huyện Hoài Đức, Hà Nội',N'Nam',1)
INSERT INTO HOCVIEN VALUES(N'Lê Quang Huy','0987246616','2002-04-01',N'Số 52 đường Mã Mây,, Phường Hàng Buồm, Quận Hoàn Kiếm, Hà Nội',N'Nam',1)
INSERT INTO HOCVIEN VALUES(N'Ngô Quốc Huy','0983109724','2002-04-02',N'Tầng 15, Khối B, tòa nhà Sông Đà đường Phạm Hùng,, Phường Mỹ Đình 1, Quận Nam Từ Liêm, Hà Nội',N'Nam',1)
INSERT INTO HOCVIEN VALUES(N'Nguyễn Quang Huy','0916175566','2002-04-03',N'18 Hàng Bông,, Phường Hàng Gai, Quận Hoàn Kiếm, Hà Nội',N'Nam',1)
INSERT INTO HOCVIEN VALUES(N'Nguyễn Quang Huy','0987898882','2002-04-04',N'Số 10 ngõ 322/158, đường Mỹ Đình,, Phường Mỹ Đình 1, Quận Nam Từ Liêm, Hà Nội',N'Nam',1)
INSERT INTO HOCVIEN VALUES(N'Lã Duy Khánh','0912040325','2002-04-05',N'Số TT02A, đường Thạch Thảo, Vinhomes Greenbay,, Phường Mễ Trì, Quận Nam Từ Liêm, Hà Nội',N'Nam',1)
INSERT INTO HOCVIEN VALUES(N'Vũ Nhân Khánh','0989965118','2002-04-06',N'Tầng 15, Tòa A3, Dự án Ecolife Capitol, Số 58 Tố Hữu,, Phường Mễ Trì, Quận Nam Từ Liêm, Hà Nội',N'Nam',1)
INSERT INTO HOCVIEN VALUES(N'Đặng Vũ Khoa','0904352749','2002-04-07',N'Số 1 ngách 173/151 đường Hoàng Hoa Thám,, Phường Ngọc Hà, Quận Ba Đình, Hà Nội',N'Nam',1)
INSERT INTO HOCVIEN VALUES(N'Phạm Đăng Khoa','0902210733','2002-04-08',N'W1.3001,Vinhomes Westpoint, Lô HH, đường Phạm Hùng,, Phường Mễ Trì, Quận Nam Từ Liêm, Hà Nội',N'Nam',1)
INSERT INTO HOCVIEN VALUES(N'Trịnh Minh Khôi','0934447788','2002-04-09',N'58 Ngụy Như Kon Tum,, Phường Nhân Chính, Quận Thanh Xuân, Hà Nội',N'Nam',1)
INSERT INTO HOCVIEN VALUES(N'Nguyễn Mạnh Kiên','0968686291','2002-04-10',N'Sô 23B, ngõ 152 Đường Nguyễn Đình Hoàn,, Phường Nghĩa Đô, Quận Cầu Giấy, Hà Nội',N'Nam',1)
INSERT INTO HOCVIEN VALUES(N'Lê Hải Lam','0983266986','2002-04-11',N'Số 20, liền kề 9, khu đô thị mới Kim Chung Di Trạch,, Xã Kim Chung, Huyện Hoài Đức, Hà Nội',N'Nữ',1)
INSERT INTO HOCVIEN VALUES(N'Mai Vũ Hoàng Lâm','0912177345','2002-04-12',N'Số 52 đường Mã Mây,, Phường Hàng Buồm, Quận Hoàn Kiếm, Hà Nội',N'Nam',1)
INSERT INTO HOCVIEN VALUES(N'Phạm Phương Linh','0903220098','2002-04-13',N'Tầng 15, Khối B, tòa nhà Sông Đà đường Phạm Hùng,, Phường Mỹ Đình 1, Quận Nam Từ Liêm, Hà Nội',N'Nữ',1)
INSERT INTO HOCVIEN VALUES(N'Đinh Đức Mạnh','0976785816','2002-04-14',N'18 Hàng Bông,, Phường Hàng Gai, Quận Hoàn Kiếm, Hà Nội',N'Nam',1)
INSERT INTO HOCVIEN VALUES(N'Nguyễn Hoàng Minh','0983109724','2002-04-15',N'Số 10 ngõ 322/158, đường Mỹ Đình,, Phường Mỹ Đình 1, Quận Nam Từ Liêm, Hà Nội',N'Nam',1)
INSERT INTO HOCVIEN VALUES(N'Phạm Quang Minh','0983899956','2002-04-16',N'Số TT02A, đường Thạch Thảo, Vinhomes Greenbay,, Phường Mễ Trì, Quận Nam Từ Liêm, Hà Nội',N'Nam',1)
INSERT INTO HOCVIEN VALUES(N'Ngô Hoàng Nam','0984652666','2002-04-17',N'Tầng 15, Tòa A3, Dự án Ecolife Capitol, Số 58 Tố Hữu,, Phường Mễ Trì, Quận Nam Từ Liêm, Hà Nội',N'Nam',1)
INSERT INTO HOCVIEN VALUES(N'Nguyễn Đức Nam','0942554498','2002-04-18',N'Số 1 ngách 173/151 đường Hoàng Hoa Thám,, Phường Ngọc Hà, Quận Ba Đình, Hà Nội',N'Nam',1)
INSERT INTO HOCVIEN VALUES(N'Nguyễn Trung Nguyên','0388403008','2002-04-19',N'W1.3001,Vinhomes Westpoint, Lô HH, đường Phạm Hùng,, Phường Mễ Trì, Quận Nam Từ Liêm, Hà Nội',N'Nam',1)
INSERT INTO HOCVIEN VALUES(N'Nguyễn Hữu Phong','0983109724','2002-04-20',N'58 Ngụy Như Kon Tum,, Phường Nhân Chính, Quận Thanh Xuân, Hà Nội',N'Nam',1)
INSERT INTO HOCVIEN VALUES(N'Nguyễn Đình Phúc','0916175566','2002-04-21',N'Sô 23B, ngõ 152 Đường Nguyễn Đình Hoàn,, Phường Nghĩa Đô, Quận Cầu Giấy, Hà Nội',N'Nam',1)
INSERT INTO HOCVIEN VALUES(N'Nguyễn Doãn Hoàng Phúc','0987898882','2002-04-22',N'Số 20, liền kề 9, khu đô thị mới Kim Chung Di Trạch,, Xã Kim Chung, Huyện Hoài Đức, Hà Nội',N'Nam',1)
INSERT INTO HOCVIEN VALUES(N'Vũ Thiện Phúc','0912040325','2002-04-23',N'Số 52 đường Mã Mây,, Phường Hàng Buồm, Quận Hoàn Kiếm, Hà Nội',N'Nam',1)
INSERT INTO HOCVIEN VALUES(N'Vũ Thị Mai Phương','0989965118','2002-04-24',N'Tầng 15, Khối B, tòa nhà Sông Đà đường Phạm Hùng,, Phường Mỹ Đình 1, Quận Nam Từ Liêm, Hà Nội',N'Nữ',1)
INSERT INTO HOCVIEN VALUES(N'Hoàng Minh Quân','0904352749','2002-04-25',N'18 Hàng Bông,, Phường Hàng Gai, Quận Hoàn Kiếm, Hà Nội',N'Nam',1)
INSERT INTO HOCVIEN VALUES(N'Nguyễn Thanh Quân','0902210733','2002-04-26',N'Số 10 ngõ 322/158, đường Mỹ Đình,, Phường Mỹ Đình 1, Quận Nam Từ Liêm, Hà Nội',N'Nam',1)
INSERT INTO HOCVIEN VALUES(N'Vũ Hoàng Sơn','0934447788','2002-04-27',N'Số TT02A, đường Thạch Thảo, Vinhomes Greenbay,, Phường Mễ Trì, Quận Nam Từ Liêm, Hà Nội',N'Nam',1)
INSERT INTO HOCVIEN VALUES(N'Vũ Trường Sơn','0968686291','2002-04-28',N'Tầng 15, Tòa A3, Dự án Ecolife Capitol, Số 58 Tố Hữu,, Phường Mễ Trì, Quận Nam Từ Liêm, Hà Nội',N'Nam',1)
INSERT INTO HOCVIEN VALUES(N'Đỗ Mạnh Thắng','0983266986','2002-04-29',N'Số 1 ngách 173/151 đường Hoàng Hoa Thám,, Phường Ngọc Hà, Quận Ba Đình, Hà Nội',N'Nam',1)
INSERT INTO HOCVIEN VALUES(N'Nguyễn Văn Thắng','0912177345','2002-04-30',N'W1.3001,Vinhomes Westpoint, Lô HH, đường Phạm Hùng,, Phường Mễ Trì, Quận Nam Từ Liêm, Hà Nội',N'Nam',1)
INSERT INTO HOCVIEN VALUES(N'Lưu Thanh Thủy','0903220098','2002-05-01',N'58 Ngụy Như Kon Tum,, Phường Nhân Chính, Quận Thanh Xuân, Hà Nội',N'Nữ',1)
INSERT INTO HOCVIEN VALUES(N'Lê Thị Hoài Trang','0976785816','2002-05-02',N'Sô 23B, ngõ 152 Đường Nguyễn Đình Hoàn,, Phường Nghĩa Đô, Quận Cầu Giấy, Hà Nội',N'Nữ',1)
INSERT INTO HOCVIEN VALUES(N'Nguyễn Thành Trung','0983109724','2002-05-03',N'Số 20, liền kề 9, khu đô thị mới Kim Chung Di Trạch,, Xã Kim Chung, Huyện Hoài Đức, Hà Nội',N'Nam',1)
INSERT INTO HOCVIEN VALUES(N'Nguyễn Anh Tuấn','0983899956','2002-05-04',N'Số 52 đường Mã Mây,, Phường Hàng Buồm, Quận Hoàn Kiếm, Hà Nội',N'Nam',1)
INSERT INTO HOCVIEN VALUES(N'Lưu Quang Tùng','0984652666','2002-05-05',N'Tầng 15, Khối B, tòa nhà Sông Đà đường Phạm Hùng,, Phường Mỹ Đình 1, Quận Nam Từ Liêm, Hà Nội',N'Nam',1)

INSERT INTO HOCVIEN VALUES(N'Nguyễn Tuấn Anh','0983109724','2001-05-07',N'58 Ngụy Như Kon Tum,, Phường Nhân Chính, Quận Thanh Xuân, Hà Nội',N'Nam',1)
INSERT INTO HOCVIEN VALUES(N'Hoàng Minh Ánh','0916175566','2001-05-08',N'Sô 23B, ngõ 152 Đường Nguyễn Đình Hoàn,, Phường Nghĩa Đô, Quận Cầu Giấy, Hà Nội',N'Nữ',1)
INSERT INTO HOCVIEN VALUES(N'Nguyễn Đình Ban','0987898882','2001-05-09',N'Số 20, liền kề 9, khu đô thị mới Kim Chung Di Trạch,, Xã Kim Chung, Huyện Hoài Đức, Hà Nội',N'Nam',1)
INSERT INTO HOCVIEN VALUES(N'Nguyễn Tiến Dũng','0912040325','2001-05-10',N'Số 52 đường Mã Mây,, Phường Hàng Buồm, Quận Hoàn Kiếm, Hà Nội',N'Nam',1)
INSERT INTO HOCVIEN VALUES(N'Vũ Thái Dương','0989965118','2001-05-11',N'Tầng 15, Khối B, tòa nhà Sông Đà đường Phạm Hùng,, Phường Mỹ Đình 1, Quận Nam Từ Liêm, Hà Nội',N'Nam',1)
INSERT INTO HOCVIEN VALUES(N'Đỗ Tiến Đạt','0904352749','2001-05-12',N'18 Hàng Bông,, Phường Hàng Gai, Quận Hoàn Kiếm, Hà Nội',N'Nam',1)
INSERT INTO HOCVIEN VALUES(N'Trần Lê Đông','0902210733','2001-05-13',N'Số 10 ngõ 322/158, đường Mỹ Đình,, Phường Mỹ Đình 1, Quận Nam Từ Liêm, Hà Nội',N'Nam',1)
INSERT INTO HOCVIEN VALUES(N'Đào Ngọc Đức','0934447788','2001-05-14',N'Số TT02A, đường Thạch Thảo, Vinhomes Greenbay,, Phường Mễ Trì, Quận Nam Từ Liêm, Hà Nội',N'Nam',1)
INSERT INTO HOCVIEN VALUES(N'Nguyễn Việt Đức','0968686291','2001-05-15',N'Tầng 15, Tòa A3, Dự án Ecolife Capitol, Số 58 Tố Hữu,, Phường Mễ Trì, Quận Nam Từ Liêm, Hà Nội',N'Nam',1)
INSERT INTO HOCVIEN VALUES(N'Bùi Vân Giang','0983266986','2001-05-16',N'Số 1 ngách 173/151 đường Hoàng Hoa Thám,, Phường Ngọc Hà, Quận Ba Đình, Hà Nội',N'Nữ',1)
INSERT INTO HOCVIEN VALUES(N'Bùi Minh Hà','0912177345','2001-05-17',N'W1.3001,Vinhomes Westpoint, Lô HH, đường Phạm Hùng,, Phường Mễ Trì, Quận Nam Từ Liêm, Hà Nội',N'Nam',1)
INSERT INTO HOCVIEN VALUES(N'Nguyễn Thanh Hà','0903220098','2001-05-18',N'58 Ngụy Như Kon Tum,, Phường Nhân Chính, Quận Thanh Xuân, Hà Nội',N'Nữ',1)
INSERT INTO HOCVIEN VALUES(N'Nguyễn Thị Thu Hà','0976785816','2001-05-19',N'Sô 23B, ngõ 152 Đường Nguyễn Đình Hoàn,, Phường Nghĩa Đô, Quận Cầu Giấy, Hà Nội',N'Nữ',1)
INSERT INTO HOCVIEN VALUES(N'Vũ Hoàng Hà','0983109724','2001-05-20',N'Số 20, liền kề 9, khu đô thị mới Kim Chung Di Trạch,, Xã Kim Chung, Huyện Hoài Đức, Hà Nội',N'Nam',1)
INSERT INTO HOCVIEN VALUES(N'Nguyễn Hoàng Hải','0983899956','2001-05-21',N'Số 52 đường Mã Mây,, Phường Hàng Buồm, Quận Hoàn Kiếm, Hà Nội',N'Nam',1)
INSERT INTO HOCVIEN VALUES(N'Nguyễn Nam Hải','0984652666','2001-05-22',N'Tầng 15, Khối B, tòa nhà Sông Đà đường Phạm Hùng,, Phường Mỹ Đình 1, Quận Nam Từ Liêm, Hà Nội',N'Nam',1)
INSERT INTO HOCVIEN VALUES(N'Lê Quang Hiếu','0942554498','2001-05-23',N'18 Hàng Bông,, Phường Hàng Gai, Quận Hoàn Kiếm, Hà Nội',N'Nam',1)
INSERT INTO HOCVIEN VALUES(N'Nguyễn Đức Hiếu','0388403008','2001-05-24',N'Số 10 ngõ 322/158, đường Mỹ Đình,, Phường Mỹ Đình 1, Quận Nam Từ Liêm, Hà Nội',N'Nam',1)
INSERT INTO HOCVIEN VALUES(N'Nguyễn Xuân Hiếu','0985861886','2001-05-25',N'Số TT02A, đường Thạch Thảo, Vinhomes Greenbay,, Phường Mễ Trì, Quận Nam Từ Liêm, Hà Nội',N'Nam',1)
INSERT INTO HOCVIEN VALUES(N'Tạ Đức Hiếu','0904629579','2001-05-26',N'Tầng 15, Tòa A3, Dự án Ecolife Capitol, Số 58 Tố Hữu,, Phường Mễ Trì, Quận Nam Từ Liêm, Hà Nội',N'Nam',1)
INSERT INTO HOCVIEN VALUES(N'Nguyễn Duy Hưng','0983054815','2001-05-27',N'Số 1 ngách 173/151 đường Hoàng Hoa Thám,, Phường Ngọc Hà, Quận Ba Đình, Hà Nội',N'Nam',1)
INSERT INTO HOCVIEN VALUES(N'Hoàng Anh Huy','0902207799','2001-05-28',N'W1.3001,Vinhomes Westpoint, Lô HH, đường Phạm Hùng,, Phường Mễ Trì, Quận Nam Từ Liêm, Hà Nội',N'Nam',1)
INSERT INTO HOCVIEN VALUES(N'Trần Quang Huy','0988464946','2001-05-29',N'Số 20, liền kề 9, khu đô thị mới Kim Chung Di Trạch,, Xã Kim Chung, Huyện Hoài Đức, Hà Nội',N'Nam',1)
INSERT INTO HOCVIEN VALUES(N'Trần Quang Khải','0983463800','2001-05-30',N'58 Ngụy Như Kon Tum,, Phường Nhân Chính, Quận Thanh Xuân, Hà Nội',N'Nam',1)
INSERT INTO HOCVIEN VALUES(N'Nguyễn Hồ Khánh','0904148645','2001-05-31',N'Sô 23B, ngõ 152 Đường Nguyễn Đình Hoàn,, Phường Nghĩa Đô, Quận Cầu Giấy, Hà Nội',N'Nam',1)
INSERT INTO HOCVIEN VALUES(N'Trần Minh Kiên','0975778066','2001-06-01',N'Số 20, liền kề 9, khu đô thị mới Kim Chung Di Trạch,, Xã Kim Chung, Huyện Hoài Đức, Hà Nội',N'Nam',1)
INSERT INTO HOCVIEN VALUES(N'Trần Hải Lâm','0966491916','2001-06-02',N'Số 52 đường Mã Mây,, Phường Hàng Buồm, Quận Hoàn Kiếm, Hà Nội',N'Nam',1)
INSERT INTO HOCVIEN VALUES(N'Trần Ngọc Long','0985505131','2001-06-03',N'Tầng 15, Khối B, tòa nhà Sông Đà đường Phạm Hùng,, Phường Mỹ Đình 1, Quận Nam Từ Liêm, Hà Nội',N'Nam',1)
INSERT INTO HOCVIEN VALUES(N'Đỗ Quang Minh','0989383751','2001-06-04',N'18 Hàng Bông,, Phường Hàng Gai, Quận Hoàn Kiếm, Hà Nội',N'Nam',1)
INSERT INTO HOCVIEN VALUES(N'Nguyễn Duy Tuấn Minh','0983512050','2001-06-05',N'Số 10 ngõ 322/158, đường Mỹ Đình,, Phường Mỹ Đình 1, Quận Nam Từ Liêm, Hà Nội',N'Nam',1)
INSERT INTO HOCVIEN VALUES(N'Nguyễn Nhật Minh','0932200679','2001-06-06',N'Số TT02A, đường Thạch Thảo, Vinhomes Greenbay,, Phường Mễ Trì, Quận Nam Từ Liêm, Hà Nội',N'Nam',1)
INSERT INTO HOCVIEN VALUES(N'Nguyễn Nhật Minh','0987987352','2001-06-07',N'Tầng 15, Tòa A3, Dự án Ecolife Capitol, Số 58 Tố Hữu,, Phường Mễ Trì, Quận Nam Từ Liêm, Hà Nội',N'Nam',1)
INSERT INTO HOCVIEN VALUES(N'Nguyễn Thị Ngọc Minh','0978789118','2001-06-08',N'Số 1 ngách 173/151 đường Hoàng Hoa Thám,, Phường Ngọc Hà, Quận Ba Đình, Hà Nội',N'Nữ',1)
INSERT INTO HOCVIEN VALUES(N'Phạm Quang Minh','0968686291','2001-06-09',N'W1.3001,Vinhomes Westpoint, Lô HH, đường Phạm Hùng,, Phường Mễ Trì, Quận Nam Từ Liêm, Hà Nội',N'Nam',1)
INSERT INTO HOCVIEN VALUES(N'Trần Anh Minh','0904313086','2001-06-10',N'58 Ngụy Như Kon Tum,, Phường Nhân Chính, Quận Thanh Xuân, Hà Nội',N'Nam',1)
INSERT INTO HOCVIEN VALUES(N'Trịnh Lê Minh','0918207369','2001-06-11',N'Sô 23B, ngõ 152 Đường Nguyễn Đình Hoàn,, Phường Nghĩa Đô, Quận Cầu Giấy, Hà Nội',N'Nữ',1)
INSERT INTO HOCVIEN VALUES(N'Hồ Tuấn Nam','0987246616','2001-06-12',N'Số 20, liền kề 9, khu đô thị mới Kim Chung Di Trạch,, Xã Kim Chung, Huyện Hoài Đức, Hà Nội',N'Nam',1)
INSERT INTO HOCVIEN VALUES(N'Hoàng Hải Phong','0978789148','2001-06-13',N'Số 52 đường Mã Mây,, Phường Hàng Buồm, Quận Hoàn Kiếm, Hà Nội',N'Nam',1)
INSERT INTO HOCVIEN VALUES(N'Nguyễn Lương Phúc','0968686291','2001-06-14',N'Tầng 15, Khối B, tòa nhà Sông Đà đường Phạm Hùng,, Phường Mỹ Đình 1, Quận Nam Từ Liêm, Hà Nội',N'Nam',1)
INSERT INTO HOCVIEN VALUES(N'Nguyễn Thế Minh Quân','0904313086','2001-06-15',N'18 Hàng Bông,, Phường Hàng Gai, Quận Hoàn Kiếm, Hà Nội',N'Nam',1)
INSERT INTO HOCVIEN VALUES(N'Nguyễn Viết Chí Quân','0918207369','2001-06-16',N'Số 10 ngõ 322/158, đường Mỹ Đình,, Phường Mỹ Đình 1, Quận Nam Từ Liêm, Hà Nội',N'Nam',1)
INSERT INTO HOCVIEN VALUES(N'Bùi Hữu Quyền','0987246616','2001-06-17',N'Số TT02A, đường Thạch Thảo, Vinhomes Greenbay,, Phường Mễ Trì, Quận Nam Từ Liêm, Hà Nội',N'Nam',1)
INSERT INTO HOCVIEN VALUES(N'Nguyễn Hữu Thành','0904148645','2001-06-18',N'Tầng 15, Tòa A3, Dự án Ecolife Capitol, Số 58 Tố Hữu,, Phường Mễ Trì, Quận Nam Từ Liêm, Hà Nội',N'Nam',1)
INSERT INTO HOCVIEN VALUES(N'Nguyễn Cao Thảo','0975778066','2001-06-19',N'Số 1 ngách 173/151 đường Hoàng Hoa Thám,, Phường Ngọc Hà, Quận Ba Đình, Hà Nội',N'Nam',1)
INSERT INTO HOCVIEN VALUES(N'Nguyễn Cao Thức','0966491916','2001-06-20',N'W1.3001,Vinhomes Westpoint, Lô HH, đường Phạm Hùng,, Phường Mễ Trì, Quận Nam Từ Liêm, Hà Nội',N'Nam',1)
INSERT INTO HOCVIEN VALUES(N'Nguyễn Thị Quỳnh Trang','0985505131','2001-06-21',N'58 Ngụy Như Kon Tum,, Phường Nhân Chính, Quận Thanh Xuân, Hà Nội',N'Nữ',1)
INSERT INTO HOCVIEN VALUES(N'Lê Công Trung','0989383751','2001-06-22',N'Sô 23B, ngõ 152 Đường Nguyễn Đình Hoàn,, Phường Nghĩa Đô, Quận Cầu Giấy, Hà Nội',N'Nam',1)
INSERT INTO HOCVIEN VALUES(N'Nguyễn Hoàng Trung','0983512050','2001-06-23',N'Số 20, liền kề 9, khu đô thị mới Kim Chung Di Trạch,, Xã Kim Chung, Huyện Hoài Đức, Hà Nội',N'Nam',1)
INSERT INTO HOCVIEN VALUES(N'Bùi Anh Tú','0932200679','2001-06-24',N'Số 52 đường Mã Mây,, Phường Hàng Buồm, Quận Hoàn Kiếm, Hà Nội',N'Nam',1)
INSERT INTO HOCVIEN VALUES(N'Lê Khuê Tú','0987987352','2001-06-25',N'Tầng 15, Khối B, tòa nhà Sông Đà đường Phạm Hùng,, Phường Mỹ Đình 1, Quận Nam Từ Liêm, Hà Nội',N'Nam',1)
INSERT INTO HOCVIEN VALUES(N'Trương Quang Tuấn','0978789118','2001-06-26',N'18 Hàng Bông,, Phường Hàng Gai, Quận Hoàn Kiếm, Hà Nội',N'Nam',1)
INSERT INTO HOCVIEN VALUES(N'Nguyễn Thế Tùng','0968686291','2001-06-27',N'Số 10 ngõ 322/158, đường Mỹ Đình,, Phường Mỹ Đình 1, Quận Nam Từ Liêm, Hà Nội',N'Nam',1)
INSERT INTO HOCVIEN VALUES(N'Khuất Thảo Vân','0904313086','2001-06-28',N'Số TT02A, đường Thạch Thảo, Vinhomes Greenbay,, Phường Mễ Trì, Quận Nam Từ Liêm, Hà Nội',N'Nữ',1)
INSERT INTO HOCVIEN VALUES(N'Bùi Thành Vinh','0918207369','2001-06-29',N'Tầng 15, Tòa A3, Dự án Ecolife Capitol, Số 58 Tố Hữu,, Phường Mễ Trì, Quận Nam Từ Liêm, Hà Nội',N'Nam',1)

--------------------------------------------------------------------------- .-HOCVIEN ---------------------------------------------------------------------------------------------------------------------------------------------------------

------------------ LOPHOC -------------------------
INSERT INTO LOPHOC VALUES(N'Toán 10_010620',3,1,1)
INSERT INTO LOPHOC VALUES(N'Toán 10_010720',3,1,7)
INSERT INTO LOPHOC VALUES(N'Lí 10_010620',3,2,2)
INSERT INTO LOPHOC VALUES(N'Lí 10_010720',3,2,8)
INSERT INTO LOPHOC VALUES(N'Hóa 10_010620',3,3,3)
INSERT INTO LOPHOC VALUES(N'Hóa 10_010720',3,3,9)
INSERT INTO LOPHOC VALUES(N'Sinh 10_010620',3,6,6)
INSERT INTO LOPHOC VALUES(N'Văn 10_010620',3,5,5)
INSERT INTO LOPHOC VALUES(N'Anh 10_010620',3,4,4)
INSERT INTO LOPHOC VALUES(N'Anh 10_010720',3,4,10)

INSERT INTO LOPHOC VALUES(N'Toán 11_010620',2,1,7)
INSERT INTO LOPHOC VALUES(N'Toán 11_020620',2,1,13)
INSERT INTO LOPHOC VALUES(N'Toán 11_010720',2,1,18)
INSERT INTO LOPHOC VALUES(N'Lí 11_010620',2,2,8)
INSERT INTO LOPHOC VALUES(N'Lí 11_010720',2,2,14)
INSERT INTO LOPHOC VALUES(N'Hóa 11_010620',2,3,9)
INSERT INTO LOPHOC VALUES(N'Hóa 11_010720',2,3,15)
INSERT INTO LOPHOC VALUES(N'Sinh 11_010620',2,6,6)
INSERT INTO LOPHOC VALUES(N'Sinh 11_010720',2,6,12)
INSERT INTO LOPHOC VALUES(N'Văn 11_010620',2,5,11)
INSERT INTO LOPHOC VALUES(N'Văn 11_010720',2,5,17)
INSERT INTO LOPHOC VALUES(N'Anh 11_010620',2,4,4)
INSERT INTO LOPHOC VALUES(N'Anh 11_020620',2,4,4)
INSERT INTO LOPHOC VALUES(N'Anh 11_010720',2,4,16)

INSERT INTO LOPHOC VALUES(N'Toán 12_010620',1,1,13)
INSERT INTO LOPHOC VALUES(N'Toán 12_020620',1,1,18)
INSERT INTO LOPHOC VALUES(N'Toán 12_010720',1,1,19)
INSERT INTO LOPHOC VALUES(N'Toán 12_020720',1,1,1)
INSERT INTO LOPHOC VALUES(N'Lí 12_010620',1,2,8)
INSERT INTO LOPHOC VALUES(N'Lí 12_010720',1,2,14)
INSERT INTO LOPHOC VALUES(N'Lí 12_020720',1,2,14)
INSERT INTO LOPHOC VALUES(N'Hóa 12_010620',1,3,3)
INSERT INTO LOPHOC VALUES(N'Hóa 12_010720',1,3,15)
INSERT INTO LOPHOC VALUES(N'Hóa 12_020720',1,3,15)
INSERT INTO LOPHOC VALUES(N'Sinh 12_010620',1,6,12)
INSERT INTO LOPHOC VALUES(N'Sinh 12_010720',1,6,6)
INSERT INTO LOPHOC VALUES(N'Anh 12_010620',1,4,16)
INSERT INTO LOPHOC VALUES(N'Anh 12_010720',1,4,10)
INSERT INTO LOPHOC VALUES(N'Anh 12_020720',1,4,10)
INSERT INTO LOPHOC VALUES(N'Văn 12_010620',1,5,17)
INSERT INTO LOPHOC VALUES(N'Văn 12_010720',1,5,17)
INSERT INTO LOPHOC VALUES(N'Văn 12_020720',1,5,11)
------------------ ./LOPHOC -------------------------

------------------ HOCVIEN_LOPHOC -------------------

INSERT INTO HOCVIEN_LOPHOC VALUES(1,1)
INSERT INTO HOCVIEN_LOPHOC VALUES(1,2)
INSERT INTO HOCVIEN_LOPHOC VALUES(1,3)
INSERT INTO HOCVIEN_LOPHOC VALUES(1,4)
INSERT INTO HOCVIEN_LOPHOC VALUES(1,5)
INSERT INTO HOCVIEN_LOPHOC VALUES(1,6)
INSERT INTO HOCVIEN_LOPHOC VALUES(1,7)
INSERT INTO HOCVIEN_LOPHOC VALUES(1,8)
INSERT INTO HOCVIEN_LOPHOC VALUES(1,9)
INSERT INTO HOCVIEN_LOPHOC VALUES(1,10)
INSERT INTO HOCVIEN_LOPHOC VALUES(1,11)
INSERT INTO HOCVIEN_LOPHOC VALUES(1,12)
INSERT INTO HOCVIEN_LOPHOC VALUES(1,13)
INSERT INTO HOCVIEN_LOPHOC VALUES(1,14)
INSERT INTO HOCVIEN_LOPHOC VALUES(1,15)
INSERT INTO HOCVIEN_LOPHOC VALUES(1,16)
INSERT INTO HOCVIEN_LOPHOC VALUES(1,17)

INSERT INTO HOCVIEN_LOPHOC VALUES(2,18)
INSERT INTO HOCVIEN_LOPHOC VALUES(2,19)
INSERT INTO HOCVIEN_LOPHOC VALUES(2,20)
INSERT INTO HOCVIEN_LOPHOC VALUES(2,21)
INSERT INTO HOCVIEN_LOPHOC VALUES(2,22)
INSERT INTO HOCVIEN_LOPHOC VALUES(2,23)
INSERT INTO HOCVIEN_LOPHOC VALUES(2,24)
INSERT INTO HOCVIEN_LOPHOC VALUES(2,25)
INSERT INTO HOCVIEN_LOPHOC VALUES(2,26)
INSERT INTO HOCVIEN_LOPHOC VALUES(2,27)
INSERT INTO HOCVIEN_LOPHOC VALUES(2,28)
INSERT INTO HOCVIEN_LOPHOC VALUES(2,29)
INSERT INTO HOCVIEN_LOPHOC VALUES(2,30)
INSERT INTO HOCVIEN_LOPHOC VALUES(2,31)
INSERT INTO HOCVIEN_LOPHOC VALUES(2,32)
INSERT INTO HOCVIEN_LOPHOC VALUES(2,33)
INSERT INTO HOCVIEN_LOPHOC VALUES(2,34)

INSERT INTO HOCVIEN_LOPHOC VALUES(3,35)
INSERT INTO HOCVIEN_LOPHOC VALUES(3,36)
INSERT INTO HOCVIEN_LOPHOC VALUES(3,37)
INSERT INTO HOCVIEN_LOPHOC VALUES(3,38)
INSERT INTO HOCVIEN_LOPHOC VALUES(3,39)
INSERT INTO HOCVIEN_LOPHOC VALUES(3,40)
INSERT INTO HOCVIEN_LOPHOC VALUES(3,41)
INSERT INTO HOCVIEN_LOPHOC VALUES(3,42)
INSERT INTO HOCVIEN_LOPHOC VALUES(3,43)
INSERT INTO HOCVIEN_LOPHOC VALUES(3,44)
INSERT INTO HOCVIEN_LOPHOC VALUES(3,45)
INSERT INTO HOCVIEN_LOPHOC VALUES(3,46)
INSERT INTO HOCVIEN_LOPHOC VALUES(3,47)
INSERT INTO HOCVIEN_LOPHOC VALUES(3,48)
INSERT INTO HOCVIEN_LOPHOC VALUES(3,49)
INSERT INTO HOCVIEN_LOPHOC VALUES(3,50)
INSERT INTO HOCVIEN_LOPHOC VALUES(3,51)

INSERT INTO HOCVIEN_LOPHOC VALUES(4,52)
INSERT INTO HOCVIEN_LOPHOC VALUES(4,53)
INSERT INTO HOCVIEN_LOPHOC VALUES(4,54)
INSERT INTO HOCVIEN_LOPHOC VALUES(4,55)
INSERT INTO HOCVIEN_LOPHOC VALUES(4,56)
INSERT INTO HOCVIEN_LOPHOC VALUES(4,57)
INSERT INTO HOCVIEN_LOPHOC VALUES(4,58)
INSERT INTO HOCVIEN_LOPHOC VALUES(4,59)
INSERT INTO HOCVIEN_LOPHOC VALUES(4,60)
INSERT INTO HOCVIEN_LOPHOC VALUES(4,61)
INSERT INTO HOCVIEN_LOPHOC VALUES(4,62)
INSERT INTO HOCVIEN_LOPHOC VALUES(4,63)
INSERT INTO HOCVIEN_LOPHOC VALUES(4,64)
INSERT INTO HOCVIEN_LOPHOC VALUES(4,65)
INSERT INTO HOCVIEN_LOPHOC VALUES(4,66)
INSERT INTO HOCVIEN_LOPHOC VALUES(4,67)
INSERT INTO HOCVIEN_LOPHOC VALUES(4,68)

INSERT INTO HOCVIEN_LOPHOC VALUES(5,69)
INSERT INTO HOCVIEN_LOPHOC VALUES(5,70)
INSERT INTO HOCVIEN_LOPHOC VALUES(5,71)
INSERT INTO HOCVIEN_LOPHOC VALUES(5,72)
INSERT INTO HOCVIEN_LOPHOC VALUES(5,73)
INSERT INTO HOCVIEN_LOPHOC VALUES(5,74)
INSERT INTO HOCVIEN_LOPHOC VALUES(5,75)
INSERT INTO HOCVIEN_LOPHOC VALUES(5,76)
INSERT INTO HOCVIEN_LOPHOC VALUES(5,77)
INSERT INTO HOCVIEN_LOPHOC VALUES(5,78)
INSERT INTO HOCVIEN_LOPHOC VALUES(5,79)
INSERT INTO HOCVIEN_LOPHOC VALUES(5,80)
INSERT INTO HOCVIEN_LOPHOC VALUES(5,81)
INSERT INTO HOCVIEN_LOPHOC VALUES(5,82)
INSERT INTO HOCVIEN_LOPHOC VALUES(5,83)
INSERT INTO HOCVIEN_LOPHOC VALUES(5,84)
INSERT INTO HOCVIEN_LOPHOC VALUES(5,85)

INSERT INTO HOCVIEN_LOPHOC VALUES(6,86)
INSERT INTO HOCVIEN_LOPHOC VALUES(6,87)
INSERT INTO HOCVIEN_LOPHOC VALUES(6,88)
INSERT INTO HOCVIEN_LOPHOC VALUES(6,89)
INSERT INTO HOCVIEN_LOPHOC VALUES(6,90)
INSERT INTO HOCVIEN_LOPHOC VALUES(6,91)
INSERT INTO HOCVIEN_LOPHOC VALUES(6,92)
INSERT INTO HOCVIEN_LOPHOC VALUES(6,93)
INSERT INTO HOCVIEN_LOPHOC VALUES(6,94)
INSERT INTO HOCVIEN_LOPHOC VALUES(6,95)
INSERT INTO HOCVIEN_LOPHOC VALUES(6,96)
INSERT INTO HOCVIEN_LOPHOC VALUES(6,97)
INSERT INTO HOCVIEN_LOPHOC VALUES(6,98)
INSERT INTO HOCVIEN_LOPHOC VALUES(6,99)
INSERT INTO HOCVIEN_LOPHOC VALUES(6,100)
INSERT INTO HOCVIEN_LOPHOC VALUES(6,101)
INSERT INTO HOCVIEN_LOPHOC VALUES(6,102)

INSERT INTO HOCVIEN_LOPHOC VALUES(7,103)
INSERT INTO HOCVIEN_LOPHOC VALUES(7,104)
INSERT INTO HOCVIEN_LOPHOC VALUES(7,105)
INSERT INTO HOCVIEN_LOPHOC VALUES(7,106)
INSERT INTO HOCVIEN_LOPHOC VALUES(7,107)
INSERT INTO HOCVIEN_LOPHOC VALUES(7,108)
INSERT INTO HOCVIEN_LOPHOC VALUES(7,109)
INSERT INTO HOCVIEN_LOPHOC VALUES(7,110)
INSERT INTO HOCVIEN_LOPHOC VALUES(7,111)
INSERT INTO HOCVIEN_LOPHOC VALUES(7,112)
INSERT INTO HOCVIEN_LOPHOC VALUES(7,113)
INSERT INTO HOCVIEN_LOPHOC VALUES(7,114)
INSERT INTO HOCVIEN_LOPHOC VALUES(7,115)
INSERT INTO HOCVIEN_LOPHOC VALUES(7,116)
INSERT INTO HOCVIEN_LOPHOC VALUES(7,117)
INSERT INTO HOCVIEN_LOPHOC VALUES(7,118)
INSERT INTO HOCVIEN_LOPHOC VALUES(7,119)

INSERT INTO HOCVIEN_LOPHOC VALUES(8,120)
INSERT INTO HOCVIEN_LOPHOC VALUES(8,121)
INSERT INTO HOCVIEN_LOPHOC VALUES(8,122)
INSERT INTO HOCVIEN_LOPHOC VALUES(8,123)
INSERT INTO HOCVIEN_LOPHOC VALUES(8,124)
INSERT INTO HOCVIEN_LOPHOC VALUES(8,125)
INSERT INTO HOCVIEN_LOPHOC VALUES(8,126)
INSERT INTO HOCVIEN_LOPHOC VALUES(8,127)
INSERT INTO HOCVIEN_LOPHOC VALUES(8,128)
INSERT INTO HOCVIEN_LOPHOC VALUES(8,129)
INSERT INTO HOCVIEN_LOPHOC VALUES(8,130)
INSERT INTO HOCVIEN_LOPHOC VALUES(8,131)
INSERT INTO HOCVIEN_LOPHOC VALUES(8,132)
INSERT INTO HOCVIEN_LOPHOC VALUES(8,133)
INSERT INTO HOCVIEN_LOPHOC VALUES(8,134)
INSERT INTO HOCVIEN_LOPHOC VALUES(8,135)
INSERT INTO HOCVIEN_LOPHOC VALUES(8,136)

INSERT INTO HOCVIEN_LOPHOC VALUES(9,137)
INSERT INTO HOCVIEN_LOPHOC VALUES(9,138)
INSERT INTO HOCVIEN_LOPHOC VALUES(9,139)
INSERT INTO HOCVIEN_LOPHOC VALUES(9,140)
INSERT INTO HOCVIEN_LOPHOC VALUES(9,141)
INSERT INTO HOCVIEN_LOPHOC VALUES(9,142)
INSERT INTO HOCVIEN_LOPHOC VALUES(9,143)
INSERT INTO HOCVIEN_LOPHOC VALUES(9,144)
INSERT INTO HOCVIEN_LOPHOC VALUES(9,145)
INSERT INTO HOCVIEN_LOPHOC VALUES(9,146)
INSERT INTO HOCVIEN_LOPHOC VALUES(9,147)
INSERT INTO HOCVIEN_LOPHOC VALUES(9,148)
INSERT INTO HOCVIEN_LOPHOC VALUES(9,149)
INSERT INTO HOCVIEN_LOPHOC VALUES(9,150)
INSERT INTO HOCVIEN_LOPHOC VALUES(9,151)
INSERT INTO HOCVIEN_LOPHOC VALUES(9,152)
INSERT INTO HOCVIEN_LOPHOC VALUES(9,153)

INSERT INTO HOCVIEN_LOPHOC VALUES(10,154)
INSERT INTO HOCVIEN_LOPHOC VALUES(10,155)
INSERT INTO HOCVIEN_LOPHOC VALUES(10,156)
INSERT INTO HOCVIEN_LOPHOC VALUES(10,157)
INSERT INTO HOCVIEN_LOPHOC VALUES(10,158)
INSERT INTO HOCVIEN_LOPHOC VALUES(10,159)
INSERT INTO HOCVIEN_LOPHOC VALUES(10,160)
INSERT INTO HOCVIEN_LOPHOC VALUES(10,161)
INSERT INTO HOCVIEN_LOPHOC VALUES(10,162)
INSERT INTO HOCVIEN_LOPHOC VALUES(10,163)
INSERT INTO HOCVIEN_LOPHOC VALUES(10,164)
INSERT INTO HOCVIEN_LOPHOC VALUES(10,165)
INSERT INTO HOCVIEN_LOPHOC VALUES(10,166)
INSERT INTO HOCVIEN_LOPHOC VALUES(10,167)
INSERT INTO HOCVIEN_LOPHOC VALUES(10,168)
INSERT INTO HOCVIEN_LOPHOC VALUES(10,169)
INSERT INTO HOCVIEN_LOPHOC VALUES(10,170)

INSERT INTO HOCVIEN_LOPHOC VALUES(11,171)
INSERT INTO HOCVIEN_LOPHOC VALUES(11,172)

INSERT INTO HOCVIEN_LOPHOC VALUES(12,173)
INSERT INTO HOCVIEN_LOPHOC VALUES(12,174)
INSERT INTO HOCVIEN_LOPHOC VALUES(12,175)

INSERT INTO HOCVIEN_LOPHOC VALUES(13,176)
INSERT INTO HOCVIEN_LOPHOC VALUES(13,177)
INSERT INTO HOCVIEN_LOPHOC VALUES(13,178)

INSERT INTO HOCVIEN_LOPHOC VALUES(14,179)
INSERT INTO HOCVIEN_LOPHOC VALUES(14,180)
INSERT INTO HOCVIEN_LOPHOC VALUES(14,181)

INSERT INTO HOCVIEN_LOPHOC VALUES(15,182)
INSERT INTO HOCVIEN_LOPHOC VALUES(15,183)
INSERT INTO HOCVIEN_LOPHOC VALUES(15,184)

INSERT INTO HOCVIEN_LOPHOC VALUES(16,185)
INSERT INTO HOCVIEN_LOPHOC VALUES(16,186)
INSERT INTO HOCVIEN_LOPHOC VALUES(16,187)

INSERT INTO HOCVIEN_LOPHOC VALUES(17,188)
INSERT INTO HOCVIEN_LOPHOC VALUES(17,189)
INSERT INTO HOCVIEN_LOPHOC VALUES(17,190)

INSERT INTO HOCVIEN_LOPHOC VALUES(18,191)
INSERT INTO HOCVIEN_LOPHOC VALUES(18,192)
INSERT INTO HOCVIEN_LOPHOC VALUES(18,193)

INSERT INTO HOCVIEN_LOPHOC VALUES(19,194)
INSERT INTO HOCVIEN_LOPHOC VALUES(19,195)
INSERT INTO HOCVIEN_LOPHOC VALUES(19,196)

INSERT INTO HOCVIEN_LOPHOC VALUES(20,197)
INSERT INTO HOCVIEN_LOPHOC VALUES(20,198)
INSERT INTO HOCVIEN_LOPHOC VALUES(20,199)

INSERT INTO HOCVIEN_LOPHOC VALUES(21,200)
INSERT INTO HOCVIEN_LOPHOC VALUES(21,201)
INSERT INTO HOCVIEN_LOPHOC VALUES(21,202)
INSERT INTO HOCVIEN_LOPHOC VALUES(21,203)
INSERT INTO HOCVIEN_LOPHOC VALUES(21,204)
INSERT INTO HOCVIEN_LOPHOC VALUES(21,205)

INSERT INTO HOCVIEN_LOPHOC VALUES(22,206)
INSERT INTO HOCVIEN_LOPHOC VALUES(22,207)

INSERT INTO HOCVIEN_LOPHOC VALUES(23,208)
INSERT INTO HOCVIEN_LOPHOC VALUES(23,209)

INSERT INTO HOCVIEN_LOPHOC VALUES(24,210)
INSERT INTO HOCVIEN_LOPHOC VALUES(24,211)

INSERT INTO HOCVIEN_LOPHOC VALUES(25,212)
INSERT INTO HOCVIEN_LOPHOC VALUES(25,213)

INSERT INTO HOCVIEN_LOPHOC VALUES(26,214)
INSERT INTO HOCVIEN_LOPHOC VALUES(26,215)

INSERT INTO HOCVIEN_LOPHOC VALUES(27,216)
INSERT INTO HOCVIEN_LOPHOC VALUES(27,217)

INSERT INTO HOCVIEN_LOPHOC VALUES(28,218)
INSERT INTO HOCVIEN_LOPHOC VALUES(28,219)

INSERT INTO HOCVIEN_LOPHOC VALUES(29,220)
INSERT INTO HOCVIEN_LOPHOC VALUES(29,221)

INSERT INTO HOCVIEN_LOPHOC VALUES(30,222)
INSERT INTO HOCVIEN_LOPHOC VALUES(30,223)

INSERT INTO HOCVIEN_LOPHOC VALUES(31,224)
INSERT INTO HOCVIEN_LOPHOC VALUES(31,225)

INSERT INTO HOCVIEN_LOPHOC VALUES(32,226)
INSERT INTO HOCVIEN_LOPHOC VALUES(32,227)

INSERT INTO HOCVIEN_LOPHOC VALUES(33,228)
INSERT INTO HOCVIEN_LOPHOC VALUES(33,229)

INSERT INTO HOCVIEN_LOPHOC VALUES(34,230)
INSERT INTO HOCVIEN_LOPHOC VALUES(34,231)

INSERT INTO HOCVIEN_LOPHOC VALUES(35,232)
INSERT INTO HOCVIEN_LOPHOC VALUES(35,233)

INSERT INTO HOCVIEN_LOPHOC VALUES(36,234)
INSERT INTO HOCVIEN_LOPHOC VALUES(36,235)

INSERT INTO HOCVIEN_LOPHOC VALUES(37,236)
INSERT INTO HOCVIEN_LOPHOC VALUES(37,237)

INSERT INTO HOCVIEN_LOPHOC VALUES(38,238)
INSERT INTO HOCVIEN_LOPHOC VALUES(38,239)

INSERT INTO HOCVIEN_LOPHOC VALUES(39,240)
INSERT INTO HOCVIEN_LOPHOC VALUES(39,241)

INSERT INTO HOCVIEN_LOPHOC VALUES(40,242)
INSERT INTO HOCVIEN_LOPHOC VALUES(40,243)

INSERT INTO HOCVIEN_LOPHOC VALUES(41,244)
INSERT INTO HOCVIEN_LOPHOC VALUES(41,245)

INSERT INTO HOCVIEN_LOPHOC VALUES(42,246)
INSERT INTO HOCVIEN_LOPHOC VALUES(42,247)


------------------ ./HOCVIEN_LOPHOC -------------------

------------------ BIENLAITRALUONG -------------------

INSERT INTO BIENLAITRALUONG VALUES('05-30-2021',5,500000,1,1)
INSERT INTO BIENLAITRALUONG VALUES('05-30-2021',5,500000,1,2)
INSERT INTO BIENLAITRALUONG VALUES('05-30-2021',5,500000,1,3)
INSERT INTO BIENLAITRALUONG VALUES('05-30-2021',5,500000,1,4)
INSERT INTO BIENLAITRALUONG VALUES('05-30-2021',5,500000,1,5)
INSERT INTO BIENLAITRALUONG VALUES('05-30-2021',5,500000,1,6)
INSERT INTO BIENLAITRALUONG VALUES('05-30-2021',5,500000,1,7)
INSERT INTO BIENLAITRALUONG VALUES('05-30-2021',5,500000,1,8)
INSERT INTO BIENLAITRALUONG VALUES('05-30-2021',5,500000,1,9)
INSERT INTO BIENLAITRALUONG VALUES('05-30-2021',5,500000,1,10)
INSERT INTO BIENLAITRALUONG VALUES('05-30-2021',5,500000,1,11)
INSERT INTO BIENLAITRALUONG VALUES('05-30-2021',5,500000,1,12)
INSERT INTO BIENLAITRALUONG VALUES('05-30-2021',5,500000,1,13)
INSERT INTO BIENLAITRALUONG VALUES('05-30-2021',5,500000,1,14)
INSERT INTO BIENLAITRALUONG VALUES('05-30-2021',5,500000,1,15)
INSERT INTO BIENLAITRALUONG VALUES('05-30-2021',5,500000,1,16)
INSERT INTO BIENLAITRALUONG VALUES('05-30-2021',5,500000,1,17)
INSERT INTO BIENLAITRALUONG VALUES('05-30-2021',5,500000,1,18)
INSERT INTO BIENLAITRALUONG VALUES('05-30-2021',5,500000,1,19)

------------------ ./BIENLAITRALUONG -------------------

------------------ BIENLAITHUHOCPHI -------------------

INSERT INTO BIENLAITHUHOCPHI VALUES('05-30-2021',5,500000,1,1)
INSERT INTO BIENLAITHUHOCPHI VALUES('05-30-2021',5,500000,1,2)
INSERT INTO BIENLAITHUHOCPHI VALUES('05-30-2021',5,500000,1,3)
INSERT INTO BIENLAITHUHOCPHI VALUES('05-30-2021',5,500000,1,4)
INSERT INTO BIENLAITHUHOCPHI VALUES('05-30-2021',5,500000,1,5)
INSERT INTO BIENLAITHUHOCPHI VALUES('05-30-2021',5,500000,1,6)
INSERT INTO BIENLAITHUHOCPHI VALUES('05-30-2021',5,500000,1,7)
INSERT INTO BIENLAITHUHOCPHI VALUES('05-30-2021',5,500000,1,8)

INSERT INTO BIENLAITHUHOCPHI VALUES('05-30-2021',5,500000,1,9)
INSERT INTO BIENLAITHUHOCPHI VALUES('05-30-2021',5,500000,1,10)
INSERT INTO BIENLAITHUHOCPHI VALUES('05-30-2021',5,500000,1,11)
INSERT INTO BIENLAITHUHOCPHI VALUES('05-30-2021',5,500000,1,12)
INSERT INTO BIENLAITHUHOCPHI VALUES('05-30-2021',5,500000,1,13)
INSERT INTO BIENLAITHUHOCPHI VALUES('05-30-2021',5,500000,1,14)
INSERT INTO BIENLAITHUHOCPHI VALUES('05-30-2021',5,500000,1,15)
INSERT INTO BIENLAITHUHOCPHI VALUES('05-30-2021',5,500000,1,16)
INSERT INTO BIENLAITHUHOCPHI VALUES('05-30-2021',5,500000,1,17)
INSERT INTO BIENLAITHUHOCPHI VALUES('05-30-2021',5,500000,1,18)
INSERT INTO BIENLAITHUHOCPHI VALUES('05-30-2021',5,500000,1,19)
INSERT INTO BIENLAITHUHOCPHI VALUES('05-30-2021',5,500000,1,20)
INSERT INTO BIENLAITHUHOCPHI VALUES('05-30-2021',5,500000,1,21)
INSERT INTO BIENLAITHUHOCPHI VALUES('05-30-2021',5,500000,1,22)
INSERT INTO BIENLAITHUHOCPHI VALUES('05-30-2021',5,500000,1,23)
INSERT INTO BIENLAITHUHOCPHI VALUES('05-30-2021',5,500000,1,24)
INSERT INTO BIENLAITHUHOCPHI VALUES('05-30-2021',5,500000,1,25)
INSERT INTO BIENLAITHUHOCPHI VALUES('05-30-2021',5,500000,1,26)
INSERT INTO BIENLAITHUHOCPHI VALUES('05-30-2021',5,500000,1,27)
INSERT INTO BIENLAITHUHOCPHI VALUES('05-30-2021',5,500000,1,28)
INSERT INTO BIENLAITHUHOCPHI VALUES('05-30-2021',5,500000,1,29)
INSERT INTO BIENLAITHUHOCPHI VALUES('05-30-2021',5,500000,1,30)
INSERT INTO BIENLAITHUHOCPHI VALUES('05-30-2021',5,500000,1,31)
INSERT INTO BIENLAITHUHOCPHI VALUES('05-30-2021',5,500000,1,32)
INSERT INTO BIENLAITHUHOCPHI VALUES('05-30-2021',5,500000,1,33)
INSERT INTO BIENLAITHUHOCPHI VALUES('05-30-2021',5,500000,1,34)
INSERT INTO BIENLAITHUHOCPHI VALUES('05-30-2021',5,500000,1,35)
INSERT INTO BIENLAITHUHOCPHI VALUES('05-30-2021',5,500000,1,36)
INSERT INTO BIENLAITHUHOCPHI VALUES('05-30-2021',5,500000,1,37)
INSERT INTO BIENLAITHUHOCPHI VALUES('05-30-2021',5,500000,1,38)
INSERT INTO BIENLAITHUHOCPHI VALUES('05-30-2021',5,500000,1,39)
INSERT INTO BIENLAITHUHOCPHI VALUES('05-30-2021',5,500000,1,40)
INSERT INTO BIENLAITHUHOCPHI VALUES('05-30-2021',5,500000,1,41)
INSERT INTO BIENLAITHUHOCPHI VALUES('05-30-2021',5,500000,1,42)
INSERT INTO BIENLAITHUHOCPHI VALUES('05-30-2021',5,500000,1,43)
INSERT INTO BIENLAITHUHOCPHI VALUES('05-30-2021',5,500000,1,44)
INSERT INTO BIENLAITHUHOCPHI VALUES('05-30-2021',5,500000,1,45)
INSERT INTO BIENLAITHUHOCPHI VALUES('05-30-2021',5,500000,1,46)
INSERT INTO BIENLAITHUHOCPHI VALUES('05-30-2021',5,500000,1,47)
INSERT INTO BIENLAITHUHOCPHI VALUES('05-30-2021',5,500000,1,48)
INSERT INTO BIENLAITHUHOCPHI VALUES('05-30-2021',5,500000,1,49)
INSERT INTO BIENLAITHUHOCPHI VALUES('05-30-2021',5,500000,1,50)
INSERT INTO BIENLAITHUHOCPHI VALUES('05-30-2021',5,500000,1,51)
INSERT INTO BIENLAITHUHOCPHI VALUES('05-30-2021',5,500000,1,52)
INSERT INTO BIENLAITHUHOCPHI VALUES('05-30-2021',5,500000,1,53)
INSERT INTO BIENLAITHUHOCPHI VALUES('05-30-2021',5,500000,1,54)
INSERT INTO BIENLAITHUHOCPHI VALUES('05-30-2021',5,500000,1,55)
INSERT INTO BIENLAITHUHOCPHI VALUES('05-30-2021',5,500000,1,56)
INSERT INTO BIENLAITHUHOCPHI VALUES('05-30-2021',5,500000,1,57)
INSERT INTO BIENLAITHUHOCPHI VALUES('05-30-2021',5,500000,1,58)
INSERT INTO BIENLAITHUHOCPHI VALUES('05-30-2021',5,500000,1,59)
INSERT INTO BIENLAITHUHOCPHI VALUES('05-30-2021',5,500000,1,60)
INSERT INTO BIENLAITHUHOCPHI VALUES('05-30-2021',5,500000,1,61)
INSERT INTO BIENLAITHUHOCPHI VALUES('05-30-2021',5,500000,1,62)
INSERT INTO BIENLAITHUHOCPHI VALUES('05-30-2021',5,500000,1,63)
INSERT INTO BIENLAITHUHOCPHI VALUES('05-30-2021',5,500000,1,64)
INSERT INTO BIENLAITHUHOCPHI VALUES('05-30-2021',5,500000,1,65)
INSERT INTO BIENLAITHUHOCPHI VALUES('05-30-2021',5,500000,1,66)
INSERT INTO BIENLAITHUHOCPHI VALUES('05-30-2021',5,500000,1,67)
INSERT INTO BIENLAITHUHOCPHI VALUES('05-30-2021',5,500000,1,68)
INSERT INTO BIENLAITHUHOCPHI VALUES('05-30-2021',5,500000,1,69)
INSERT INTO BIENLAITHUHOCPHI VALUES('05-30-2021',5,500000,1,70)
INSERT INTO BIENLAITHUHOCPHI VALUES('05-30-2021',5,500000,1,71)
INSERT INTO BIENLAITHUHOCPHI VALUES('05-30-2021',5,500000,1,72)
INSERT INTO BIENLAITHUHOCPHI VALUES('05-30-2021',5,500000,1,73)
INSERT INTO BIENLAITHUHOCPHI VALUES('05-30-2021',5,500000,1,74)
INSERT INTO BIENLAITHUHOCPHI VALUES('05-30-2021',5,500000,1,75)
INSERT INTO BIENLAITHUHOCPHI VALUES('05-30-2021',5,500000,1,76)
INSERT INTO BIENLAITHUHOCPHI VALUES('05-30-2021',5,500000,1,77)
INSERT INTO BIENLAITHUHOCPHI VALUES('05-30-2021',5,500000,1,78)
INSERT INTO BIENLAITHUHOCPHI VALUES('05-30-2021',5,500000,1,79)
INSERT INTO BIENLAITHUHOCPHI VALUES('05-30-2021',5,500000,1,80)
INSERT INTO BIENLAITHUHOCPHI VALUES('05-30-2021',5,500000,1,81)
INSERT INTO BIENLAITHUHOCPHI VALUES('05-30-2021',5,500000,1,82)
INSERT INTO BIENLAITHUHOCPHI VALUES('05-30-2021',5,500000,1,83)
INSERT INTO BIENLAITHUHOCPHI VALUES('05-30-2021',5,500000,1,84)
INSERT INTO BIENLAITHUHOCPHI VALUES('05-30-2021',5,500000,1,85)
INSERT INTO BIENLAITHUHOCPHI VALUES('05-30-2021',5,500000,1,86)
INSERT INTO BIENLAITHUHOCPHI VALUES('05-30-2021',5,500000,1,87)
INSERT INTO BIENLAITHUHOCPHI VALUES('05-30-2021',5,500000,1,88)
INSERT INTO BIENLAITHUHOCPHI VALUES('05-30-2021',5,500000,1,89)
INSERT INTO BIENLAITHUHOCPHI VALUES('05-30-2021',5,500000,1,90)
INSERT INTO BIENLAITHUHOCPHI VALUES('05-30-2021',5,500000,1,91)
INSERT INTO BIENLAITHUHOCPHI VALUES('05-30-2021',5,500000,1,92)
INSERT INTO BIENLAITHUHOCPHI VALUES('05-30-2021',5,500000,1,93)
INSERT INTO BIENLAITHUHOCPHI VALUES('05-30-2021',5,500000,1,94)
INSERT INTO BIENLAITHUHOCPHI VALUES('05-30-2021',5,500000,1,95)
INSERT INTO BIENLAITHUHOCPHI VALUES('05-30-2021',5,500000,1,96)
INSERT INTO BIENLAITHUHOCPHI VALUES('05-30-2021',5,500000,1,97)
INSERT INTO BIENLAITHUHOCPHI VALUES('05-30-2021',5,500000,1,98)
INSERT INTO BIENLAITHUHOCPHI VALUES('05-30-2021',5,500000,1,99)
INSERT INTO BIENLAITHUHOCPHI VALUES('05-30-2021',5,500000,1,100)
INSERT INTO BIENLAITHUHOCPHI VALUES('05-30-2021',5,500000,1,101)
INSERT INTO BIENLAITHUHOCPHI VALUES('05-30-2021',5,500000,1,102)
INSERT INTO BIENLAITHUHOCPHI VALUES('05-30-2021',5,500000,1,103)
INSERT INTO BIENLAITHUHOCPHI VALUES('05-30-2021',5,500000,1,104)
INSERT INTO BIENLAITHUHOCPHI VALUES('05-30-2021',5,500000,1,105)
INSERT INTO BIENLAITHUHOCPHI VALUES('05-30-2021',5,500000,1,106)
INSERT INTO BIENLAITHUHOCPHI VALUES('05-30-2021',5,500000,1,107)
INSERT INTO BIENLAITHUHOCPHI VALUES('05-30-2021',5,500000,1,108)
INSERT INTO BIENLAITHUHOCPHI VALUES('05-30-2021',5,500000,1,109)
INSERT INTO BIENLAITHUHOCPHI VALUES('05-30-2021',5,500000,1,110)
INSERT INTO BIENLAITHUHOCPHI VALUES('05-30-2021',5,500000,1,111)
INSERT INTO BIENLAITHUHOCPHI VALUES('05-30-2021',5,500000,1,112)

INSERT INTO BIENLAITHUHOCPHI VALUES('05-30-2021',5,500000,1,113)
INSERT INTO BIENLAITHUHOCPHI VALUES('05-30-2021',5,500000,1,114)
INSERT INTO BIENLAITHUHOCPHI VALUES('05-30-2021',5,500000,1,115)
INSERT INTO BIENLAITHUHOCPHI VALUES('05-30-2021',5,500000,1,116)
INSERT INTO BIENLAITHUHOCPHI VALUES('05-30-2021',5,500000,1,117)
INSERT INTO BIENLAITHUHOCPHI VALUES('05-30-2021',5,500000,1,118)
INSERT INTO BIENLAITHUHOCPHI VALUES('05-30-2021',5,500000,1,119)
INSERT INTO BIENLAITHUHOCPHI VALUES('05-30-2021',5,500000,1,120)
INSERT INTO BIENLAITHUHOCPHI VALUES('05-30-2021',5,500000,1,121)
INSERT INTO BIENLAITHUHOCPHI VALUES('05-30-2021',5,500000,1,122)
INSERT INTO BIENLAITHUHOCPHI VALUES('05-30-2021',5,500000,1,123)
INSERT INTO BIENLAITHUHOCPHI VALUES('05-30-2021',5,500000,1,124)
INSERT INTO BIENLAITHUHOCPHI VALUES('05-30-2021',5,500000,1,125)
INSERT INTO BIENLAITHUHOCPHI VALUES('05-30-2021',5,500000,1,126)
INSERT INTO BIENLAITHUHOCPHI VALUES('05-30-2021',5,500000,1,127)
INSERT INTO BIENLAITHUHOCPHI VALUES('05-30-2021',5,500000,1,128)
INSERT INTO BIENLAITHUHOCPHI VALUES('05-30-2021',5,500000,1,129)
INSERT INTO BIENLAITHUHOCPHI VALUES('05-30-2021',5,500000,1,130)
INSERT INTO BIENLAITHUHOCPHI VALUES('05-30-2021',5,500000,1,131)
INSERT INTO BIENLAITHUHOCPHI VALUES('05-30-2021',5,500000,1,132)
INSERT INTO BIENLAITHUHOCPHI VALUES('05-30-2021',5,500000,1,133)
INSERT INTO BIENLAITHUHOCPHI VALUES('05-30-2021',5,500000,1,134)
INSERT INTO BIENLAITHUHOCPHI VALUES('05-30-2021',5,500000,1,135)
INSERT INTO BIENLAITHUHOCPHI VALUES('05-30-2021',5,500000,1,136)
INSERT INTO BIENLAITHUHOCPHI VALUES('05-30-2021',5,500000,1,137)
INSERT INTO BIENLAITHUHOCPHI VALUES('05-30-2021',5,500000,1,138)
INSERT INTO BIENLAITHUHOCPHI VALUES('05-30-2021',5,500000,1,139)
INSERT INTO BIENLAITHUHOCPHI VALUES('05-30-2021',5,500000,1,140)
INSERT INTO BIENLAITHUHOCPHI VALUES('05-30-2021',5,500000,1,141)
INSERT INTO BIENLAITHUHOCPHI VALUES('05-30-2021',5,500000,1,142)
INSERT INTO BIENLAITHUHOCPHI VALUES('05-30-2021',5,500000,1,143)
INSERT INTO BIENLAITHUHOCPHI VALUES('05-30-2021',5,500000,1,144)
INSERT INTO BIENLAITHUHOCPHI VALUES('05-30-2021',5,500000,1,145)
INSERT INTO BIENLAITHUHOCPHI VALUES('05-30-2021',5,500000,1,146)
INSERT INTO BIENLAITHUHOCPHI VALUES('05-30-2021',5,500000,1,147)
INSERT INTO BIENLAITHUHOCPHI VALUES('05-30-2021',5,500000,1,148)
INSERT INTO BIENLAITHUHOCPHI VALUES('05-30-2021',5,500000,1,149)
INSERT INTO BIENLAITHUHOCPHI VALUES('05-30-2021',5,500000,1,150)
INSERT INTO BIENLAITHUHOCPHI VALUES('05-30-2021',5,500000,1,151)
INSERT INTO BIENLAITHUHOCPHI VALUES('05-30-2021',5,500000,1,152)
INSERT INTO BIENLAITHUHOCPHI VALUES('05-30-2021',5,500000,1,153)
INSERT INTO BIENLAITHUHOCPHI VALUES('05-30-2021',5,500000,1,154)
INSERT INTO BIENLAITHUHOCPHI VALUES('05-30-2021',5,500000,1,155)
INSERT INTO BIENLAITHUHOCPHI VALUES('05-30-2021',5,500000,1,156)
INSERT INTO BIENLAITHUHOCPHI VALUES('05-30-2021',5,500000,1,157)
INSERT INTO BIENLAITHUHOCPHI VALUES('05-30-2021',5,500000,1,158)
INSERT INTO BIENLAITHUHOCPHI VALUES('05-30-2021',5,500000,1,159)
INSERT INTO BIENLAITHUHOCPHI VALUES('05-30-2021',5,500000,1,160)
INSERT INTO BIENLAITHUHOCPHI VALUES('05-30-2021',5,500000,1,161)
INSERT INTO BIENLAITHUHOCPHI VALUES('05-30-2021',5,500000,1,162)
INSERT INTO BIENLAITHUHOCPHI VALUES('05-30-2021',5,500000,1,163)
INSERT INTO BIENLAITHUHOCPHI VALUES('05-30-2021',5,500000,1,164)
INSERT INTO BIENLAITHUHOCPHI VALUES('05-30-2021',5,500000,1,165)
INSERT INTO BIENLAITHUHOCPHI VALUES('05-30-2021',5,500000,1,166)
INSERT INTO BIENLAITHUHOCPHI VALUES('05-30-2021',5,500000,1,167)
INSERT INTO BIENLAITHUHOCPHI VALUES('05-30-2021',5,500000,1,168)
INSERT INTO BIENLAITHUHOCPHI VALUES('05-30-2021',5,500000,1,169)
INSERT INTO BIENLAITHUHOCPHI VALUES('05-30-2021',5,500000,1,170)
INSERT INTO BIENLAITHUHOCPHI VALUES('05-30-2021',5,500000,1,171)
INSERT INTO BIENLAITHUHOCPHI VALUES('05-30-2021',5,500000,1,172)
INSERT INTO BIENLAITHUHOCPHI VALUES('05-30-2021',5,500000,1,173)
INSERT INTO BIENLAITHUHOCPHI VALUES('05-30-2021',5,500000,1,174)
INSERT INTO BIENLAITHUHOCPHI VALUES('05-30-2021',5,500000,1,175)
INSERT INTO BIENLAITHUHOCPHI VALUES('05-30-2021',5,500000,1,176)
INSERT INTO BIENLAITHUHOCPHI VALUES('05-30-2021',5,500000,1,177)
INSERT INTO BIENLAITHUHOCPHI VALUES('05-30-2021',5,500000,1,178)
INSERT INTO BIENLAITHUHOCPHI VALUES('05-30-2021',5,500000,1,179)
INSERT INTO BIENLAITHUHOCPHI VALUES('05-30-2021',5,500000,1,180)
INSERT INTO BIENLAITHUHOCPHI VALUES('05-30-2021',5,500000,1,181)
INSERT INTO BIENLAITHUHOCPHI VALUES('05-30-2021',5,500000,1,182)
INSERT INTO BIENLAITHUHOCPHI VALUES('05-30-2021',5,500000,1,183)
INSERT INTO BIENLAITHUHOCPHI VALUES('05-30-2021',5,500000,1,184)
INSERT INTO BIENLAITHUHOCPHI VALUES('05-30-2021',5,500000,1,185)
INSERT INTO BIENLAITHUHOCPHI VALUES('05-30-2021',5,500000,1,186)
INSERT INTO BIENLAITHUHOCPHI VALUES('05-30-2021',5,500000,1,187)
INSERT INTO BIENLAITHUHOCPHI VALUES('05-30-2021',5,500000,1,188)
INSERT INTO BIENLAITHUHOCPHI VALUES('05-30-2021',5,500000,1,189)
INSERT INTO BIENLAITHUHOCPHI VALUES('05-30-2021',5,500000,1,190)
INSERT INTO BIENLAITHUHOCPHI VALUES('05-30-2021',5,500000,1,191)
INSERT INTO BIENLAITHUHOCPHI VALUES('05-30-2021',5,500000,1,192)
INSERT INTO BIENLAITHUHOCPHI VALUES('05-30-2021',5,500000,1,193)
INSERT INTO BIENLAITHUHOCPHI VALUES('05-30-2021',5,500000,1,194)
INSERT INTO BIENLAITHUHOCPHI VALUES('05-30-2021',5,500000,1,195)
INSERT INTO BIENLAITHUHOCPHI VALUES('05-30-2021',5,500000,1,196)
INSERT INTO BIENLAITHUHOCPHI VALUES('05-30-2021',5,500000,1,197)
INSERT INTO BIENLAITHUHOCPHI VALUES('05-30-2021',5,500000,1,198)
INSERT INTO BIENLAITHUHOCPHI VALUES('05-30-2021',5,500000,1,199)
INSERT INTO BIENLAITHUHOCPHI VALUES('05-30-2021',5,500000,1,200)

INSERT INTO BIENLAITHUHOCPHI VALUES('05-30-2021',5,500000,1,201)
INSERT INTO BIENLAITHUHOCPHI VALUES('05-30-2021',5,500000,1,202)
INSERT INTO BIENLAITHUHOCPHI VALUES('05-30-2021',5,500000,1,203)
INSERT INTO BIENLAITHUHOCPHI VALUES('05-30-2021',5,500000,1,204)
INSERT INTO BIENLAITHUHOCPHI VALUES('05-30-2021',5,500000,1,205)
INSERT INTO BIENLAITHUHOCPHI VALUES('05-30-2021',5,500000,1,206)
INSERT INTO BIENLAITHUHOCPHI VALUES('05-30-2021',5,500000,1,207)
INSERT INTO BIENLAITHUHOCPHI VALUES('05-30-2021',5,500000,1,208)
INSERT INTO BIENLAITHUHOCPHI VALUES('05-30-2021',5,500000,1,209)
INSERT INTO BIENLAITHUHOCPHI VALUES('05-30-2021',5,500000,1,210)
INSERT INTO BIENLAITHUHOCPHI VALUES('05-30-2021',5,500000,1,211)
INSERT INTO BIENLAITHUHOCPHI VALUES('05-30-2021',5,500000,1,212)
INSERT INTO BIENLAITHUHOCPHI VALUES('05-30-2021',5,500000,1,213)
INSERT INTO BIENLAITHUHOCPHI VALUES('05-30-2021',5,500000,1,214)
INSERT INTO BIENLAITHUHOCPHI VALUES('05-30-2021',5,500000,1,215)
INSERT INTO BIENLAITHUHOCPHI VALUES('05-30-2021',5,500000,1,216)
INSERT INTO BIENLAITHUHOCPHI VALUES('05-30-2021',5,500000,1,217)
INSERT INTO BIENLAITHUHOCPHI VALUES('05-30-2021',5,500000,1,218)
INSERT INTO BIENLAITHUHOCPHI VALUES('05-30-2021',5,500000,1,219)
INSERT INTO BIENLAITHUHOCPHI VALUES('05-30-2021',5,500000,1,220)
INSERT INTO BIENLAITHUHOCPHI VALUES('05-30-2021',5,500000,1,221)
INSERT INTO BIENLAITHUHOCPHI VALUES('05-30-2021',5,500000,1,222)
INSERT INTO BIENLAITHUHOCPHI VALUES('05-30-2021',5,500000,1,223)
INSERT INTO BIENLAITHUHOCPHI VALUES('05-30-2021',5,500000,1,224)
INSERT INTO BIENLAITHUHOCPHI VALUES('05-30-2021',5,500000,1,225)
INSERT INTO BIENLAITHUHOCPHI VALUES('05-30-2021',5,500000,1,226)
INSERT INTO BIENLAITHUHOCPHI VALUES('05-30-2021',5,500000,1,227)
INSERT INTO BIENLAITHUHOCPHI VALUES('05-30-2021',5,500000,1,228)
INSERT INTO BIENLAITHUHOCPHI VALUES('05-30-2021',5,500000,1,229)
INSERT INTO BIENLAITHUHOCPHI VALUES('05-30-2021',5,500000,1,230)
INSERT INTO BIENLAITHUHOCPHI VALUES('05-30-2021',5,500000,1,231)
INSERT INTO BIENLAITHUHOCPHI VALUES('05-30-2021',5,500000,1,232)
INSERT INTO BIENLAITHUHOCPHI VALUES('05-30-2021',5,500000,1,233)
INSERT INTO BIENLAITHUHOCPHI VALUES('05-30-2021',5,500000,1,234)
INSERT INTO BIENLAITHUHOCPHI VALUES('05-30-2021',5,500000,1,235)
INSERT INTO BIENLAITHUHOCPHI VALUES('05-30-2021',5,500000,1,236)
INSERT INTO BIENLAITHUHOCPHI VALUES('05-30-2021',5,500000,1,237)
INSERT INTO BIENLAITHUHOCPHI VALUES('05-30-2021',5,500000,1,238)
INSERT INTO BIENLAITHUHOCPHI VALUES('05-30-2021',5,500000,1,239)
INSERT INTO BIENLAITHUHOCPHI VALUES('05-30-2021',5,500000,1,240)
INSERT INTO BIENLAITHUHOCPHI VALUES('05-30-2021',5,500000,1,241)
INSERT INTO BIENLAITHUHOCPHI VALUES('05-30-2021',5,500000,1,242)
INSERT INTO BIENLAITHUHOCPHI VALUES('05-30-2021',5,500000,1,243)
INSERT INTO BIENLAITHUHOCPHI VALUES('05-30-2021',5,500000,1,244)
INSERT INTO BIENLAITHUHOCPHI VALUES('05-30-2021',5,500000,1,245)
INSERT INTO BIENLAITHUHOCPHI VALUES('05-30-2021',5,500000,1,246)
INSERT INTO BIENLAITHUHOCPHI VALUES('05-30-2021',5,500000,1,247)

------------------ ./BIENLAITHUHOCPHI -------------------